Team,Opponent Team,Date,Site,Incident,Time,VAR used,Decision
River,Vélez,2023-08-08,Libertadores de América,empujón dentro del área,40',Yes,No penal
San Lorenzo,River,2025-05-25,Nuevo Gasómetro,mano en el área tras un centro,20',Yes,Roja
Lanús,Boca,2024-01-25,La Bombonera,mano en el área tras un centro,56',No,Gol válido
San Lorenzo,Boca,2024-04-23,Monumental,posición adelantada en el gol,45',No,No penal
Lanús,Racing,2025-02-15,Nuevo Gasómetro,empujón dentro del área,21',Yes,Amarilla
River,Independiente,2025-03-13,Cilindro,remate desviado tras rebote,48',Yes,Offside
Huracán,Boca,2024-07-25,La Bombonera,mano en el área tras un centro,86',Yes,No penal
Independiente,Lanús,2024-07-17,Monumental,empujón dentro del área,68',No,Offside
Vélez,Huracán,2024-08-28,La Bombonera,simulación de falta,35',Yes,Gol válido
San Lorenzo,River,2023-09-27,Cilindro,gol legítimo,90',Yes,Offside
San Lorenzo,River,2023-12-30,Monumental,empujón dentro del área,61',Yes,Gol válido
San Lorenzo,Vélez,2023-06-07,Monumental,gol con la mano,52',No,Gol anulado
Boca,San Lorenzo,2023-09-14,Cilindro,codazo en salto,1',Yes,Roja
Lanús,Vélez,2024-06-24,Nuevo Gasómetro,gol legítimo,52',Yes,Gol anulado
Lanús,San Lorenzo,2024-01-25,Nuevo Gasómetro,remate desviado tras rebote,7',Yes,Amarilla
San Lorenzo,River,2025-01-17,La Bombonera,mano en el área tras un centro,45',Yes,Amarilla
Lanús,San Lorenzo,2024-11-15,La Bombonera,simulación de falta,36',No,Roja
Vélez,Boca,2024-11-11,Nuevo Gasómetro,mano en el área tras un centro,19',Yes,Gol anulado
River,Boca,2023-06-11,La Bombonera,codazo en salto,73',Yes,Amarilla
Huracán,Independiente,2025-03-01,Monumental,contacto leve en el área,66',No,Amarilla
Lanús,Huracán,2024-01-16,Libertadores de América,entrada fuerte desde atrás,61',No,Gol anulado
Racing,Huracán,2024-04-28,Libertadores de América,codazo en salto,78',Yes,Penal
San Lorenzo,Vélez,2024-06-27,Libertadores de América,entrada fuerte desde atrás,37',Yes,No penal
Independiente,River,2023-07-24,Monumental,codazo en salto,18',Yes,Gol válido
Racing,Independiente,2024-11-09,Cilindro,gol con la mano,54',No,Gol anulado
San Lorenzo,River,2024-09-21,Nuevo Gasómetro,gol legítimo,75',No,Offside
Lanús,Racing,2024-11-26,Libertadores de América,mano en el área tras un centro,40',Yes,Gol anulado
Boca,Racing,2024-02-22,Libertadores de América,contacto leve en el área,80',Yes,No penal
Huracán,Vélez,2025-03-29,Cilindro,gol con la mano,77',Yes,Gol válido
Vélez,Huracán,2025-05-19,La Bombonera,posición adelantada en el gol,30',No,Amarilla
River,Lanús,2023-10-16,La Bombonera,mano en el área tras un centro,3',Yes,Amarilla
Vélez,Huracán,2023-11-26,La Bombonera,gol con la mano,20',No,Roja
Vélez,Huracán,2024-11-18,Libertadores de América,codazo en salto,50',No,Offside
Racing,Huracán,2024-07-06,Cilindro,remate desviado tras rebote,19',No,Offside
Independiente,Huracán,2024-08-29,Libertadores de América,entrada fuerte desde atrás,57',Yes,Offside
Lanús,Huracán,2023-09-22,Monumental,contacto leve en el área,12',Yes,Penal
Huracán,Independiente,2024-04-18,Nuevo Gasómetro,codazo en salto,38',Yes,Offside
Racing,Vélez,2025-02-10,Libertadores de América,simulación de falta,5',Yes,Gol válido
River,Lanús,2024-07-16,La Bombonera,simulación de falta,34',No,Penal
River,Vélez,2025-04-08,La Bombonera,codazo en salto,74',Yes,No penal
Vélez,Boca,2023-06-18,Monumental,codazo en salto,41',Yes,Penal
Lanús,Huracán,2024-10-01,Cilindro,entrada fuerte desde atrás,45',Yes,Roja
Huracán,Independiente,2024-02-27,Cilindro,codazo en salto,26',Yes,Offside
Lanús,Independiente,2024-09-05,Monumental,mano en el área tras un centro,18',No,Amarilla
Vélez,Independiente,2025-01-02,Libertadores de América,gol con la mano,63',Yes,Penal
Racing,River,2023-08-12,Cilindro,contacto leve en el área,25',Yes,No penal
Huracán,Lanús,2025-03-17,La Bombonera,posición adelantada en el gol,58',Yes,Roja
San Lorenzo,Huracán,2024-12-11,La Bombonera,empujón dentro del área,64',Yes,Roja
Racing,Huracán,2023-08-02,Cilindro,empujón dentro del área,34',No,Amarilla
River,Lanús,2025-01-17,Cilindro,simulación de falta,86',No,No penal
Lanús,Racing,2023-11-09,Nuevo Gasómetro,contacto leve en el área,66',No,Roja
Boca,San Lorenzo,2023-12-24,Monumental,gol con la mano,56',Yes,Penal
Vélez,Independiente,2023-08-15,Nuevo Gasómetro,entrada fuerte desde atrás,25',Yes,Amarilla
River,Vélez,2025-02-09,La Bombonera,contacto leve en el área,49',Yes,Roja
Boca,Racing,2025-03-01,Cilindro,contacto leve en el área,6',Yes,Amarilla
Racing,Boca,2025-04-12,Libertadores de América,posición adelantada en el gol,11',Yes,Gol válido
Independiente,Huracán,2025-05-14,Cilindro,gol legítimo,40',No,Penal
Vélez,Independiente,2025-04-24,Libertadores de América,contacto leve en el área,35',No,Offside
Racing,Independiente,2024-08-18,La Bombonera,posición adelantada en el gol,14',No,Penal
Independiente,Racing,2024-03-31,La Bombonera,gol legítimo,14',Yes,No penal
River,Vélez,2023-12-13,Monumental,empujón dentro del área,11',No,Roja
Independiente,San Lorenzo,2025-04-19,Cilindro,remate desviado tras rebote,64',Yes,No penal
San Lorenzo,Boca,2024-03-18,Monumental,gol legítimo,52',No,Amarilla
Vélez,Racing,2024-01-05,Nuevo Gasómetro,empujón dentro del área,39',No,Roja
Racing,Vélez,2024-09-19,Libertadores de América,codazo en salto,21',Yes,Amarilla
River,San Lorenzo,2024-10-30,Nuevo Gasómetro,codazo en salto,46',Yes,Roja
San Lorenzo,Huracán,2024-09-19,La Bombonera,mano en el área tras un centro,73',No,Gol anulado
Independiente,Vélez,2024-03-23,Cilindro,posición adelantada en el gol,11',No,No penal
San Lorenzo,Independiente,2024-02-01,La Bombonera,empujón dentro del área,88',Yes,Gol anulado
Racing,River,2024-10-22,Nuevo Gasómetro,entrada fuerte desde atrás,76',Yes,Amarilla
Huracán,Lanús,2023-07-13,La Bombonera,empujón dentro del área,18',No,Gol anulado
Boca,San Lorenzo,2025-03-09,Cilindro,empujón dentro del área,76',Yes,Amarilla
Lanús,Vélez,2025-02-24,Nuevo Gasómetro,contacto leve en el área,3',Yes,Amarilla
San Lorenzo,Racing,2023-10-19,Libertadores de América,simulación de falta,76',No,Amarilla
Racing,Huracán,2025-02-19,Libertadores de América,remate desviado tras rebote,10',No,Gol anulado
River,Boca,2024-07-20,La Bombonera,gol legítimo,6',No,Offside
River,Boca,2023-07-02,Cilindro,simulación de falta,88',No,Roja
Huracán,San Lorenzo,2025-03-22,Nuevo Gasómetro,codazo en salto,86',No,Gol anulado
River,Racing,2024-03-29,Monumental,codazo en salto,63',No,Gol anulado
Boca,River,2023-11-28,Libertadores de América,remate desviado tras rebote,59',No,Offside
River,San Lorenzo,2024-04-23,Nuevo Gasómetro,gol con la mano,66',Yes,Gol válido
Lanús,San Lorenzo,2024-07-06,La Bombonera,contacto leve en el área,16',No,No penal
Boca,Racing,2023-09-07,La Bombonera,entrada fuerte desde atrás,88',No,Roja
San Lorenzo,Racing,2025-03-04,Libertadores de América,mano en el área tras un centro,48',No,Gol anulado
Racing,Lanús,2025-04-29,La Bombonera,posición adelantada en el gol,55',Yes,Roja
Racing,San Lorenzo,2023-12-31,Monumental,contacto leve en el área,71',No,Gol válido
Boca,Lanús,2023-11-12,Libertadores de América,contacto leve en el área,39',No,Gol anulado
Racing,Boca,2024-10-10,Nuevo Gasómetro,gol legítimo,73',No,Offside
Vélez,Racing,2024-06-24,Libertadores de América,entrada fuerte desde atrás,77',Yes,Gol anulado
Huracán,River,2025-04-29,Monumental,gol legítimo,41',No,Roja
Huracán,Racing,2023-07-18,Cilindro,empujón dentro del área,10',Yes,Roja
Vélez,Independiente,2023-08-06,Libertadores de América,mano en el área tras un centro,54',Yes,Roja
Vélez,River,2024-07-09,Monumental,posición adelantada en el gol,4',Yes,Amarilla
Huracán,Racing,2024-03-17,Monumental,posición adelantada en el gol,17',No,Penal
Lanús,Huracán,2024-09-13,Cilindro,posición adelantada en el gol,72',Yes,Penal
San Lorenzo,River,2024-02-24,Monumental,gol con la mano,32',No,No penal
Lanús,Racing,2024-01-12,Cilindro,gol legítimo,42',No,Gol válido
River,Independiente,2025-01-25,Libertadores de América,mano en el área tras un centro,50',No,No penal
River,Huracán,2023-12-10,Nuevo Gasómetro,contacto leve en el área,73',Yes,Offside
Racing,San Lorenzo,2024-01-22,La Bombonera,entrada fuerte desde atrás,14',No,Amarilla
Huracán,River,2024-12-21,Nuevo Gasómetro,empujón dentro del área,58',No,No penal
Huracán,San Lorenzo,2023-12-29,Libertadores de América,codazo en salto,29',No,Amarilla
San Lorenzo,River,2024-08-26,La Bombonera,empujón dentro del área,48',Yes,Offside
River,Independiente,2023-12-11,Cilindro,contacto leve en el área,16',No,No penal
Independiente,Lanús,2023-11-20,Cilindro,posición adelantada en el gol,61',Yes,Amarilla
River,Vélez,2024-06-05,Monumental,contacto leve en el área,5',No,Roja
Boca,Vélez,2025-01-22,Cilindro,gol legítimo,50',No,Offside
Huracán,Independiente,2025-03-18,Monumental,simulación de falta,70',Yes,No penal
River,Boca,2024-03-01,Monumental,mano en el área tras un centro,60',Yes,Gol válido
Racing,Huracán,2023-06-21,Libertadores de América,posición adelantada en el gol,42',No,No penal
San Lorenzo,Lanús,2024-06-29,Monumental,simulación de falta,45',Yes,No penal
Lanús,Racing,2024-12-22,Libertadores de América,gol legítimo,58',No,Roja
Huracán,River,2025-02-10,Nuevo Gasómetro,posición adelantada en el gol,28',No,No penal
Independiente,Vélez,2024-11-28,Nuevo Gasómetro,empujón dentro del área,10',Yes,Offside
Vélez,Boca,2025-04-14,Cilindro,entrada fuerte desde atrás,70',No,Offside
Independiente,Lanús,2025-03-24,Nuevo Gasómetro,contacto leve en el área,21',Yes,Penal
Vélez,Huracán,2023-09-06,La Bombonera,contacto leve en el área,29',No,Gol anulado
River,Lanús,2025-05-31,Cilindro,mano en el área tras un centro,38',No,Gol anulado
Lanús,Independiente,2025-03-03,La Bombonera,mano en el área tras un centro,8',No,No penal
Vélez,Lanús,2024-06-05,Monumental,remate desviado tras rebote,48',Yes,Gol anulado
Lanús,Vélez,2024-07-20,Cilindro,simulación de falta,34',No,No penal
Lanús,River,2025-02-19,Monumental,simulación de falta,90',Yes,Penal
Vélez,Racing,2025-03-08,La Bombonera,gol legítimo,44',Yes,Roja
Racing,Boca,2023-11-17,Monumental,posición adelantada en el gol,54',No,Offside
Racing,Vélez,2023-09-14,Cilindro,simulación de falta,44',Yes,Gol válido
River,Independiente,2024-07-14,Cilindro,codazo en salto,19',No,Offside
Vélez,San Lorenzo,2025-02-28,La Bombonera,mano en el área tras un centro,64',No,Gol anulado
Independiente,Lanús,2024-08-05,Monumental,contacto leve en el área,83',Yes,No penal
Huracán,Vélez,2025-04-10,Monumental,contacto leve en el área,30',Yes,Gol anulado
San Lorenzo,Boca,2023-07-19,Monumental,simulación de falta,77',Yes,Offside
Lanús,Independiente,2023-10-11,Nuevo Gasómetro,entrada fuerte desde atrás,30',Yes,Gol válido
River,Vélez,2023-09-21,Libertadores de América,entrada fuerte desde atrás,73',Yes,Penal
Boca,Vélez,2024-02-16,Nuevo Gasómetro,empujón dentro del área,45',No,Offside
Independiente,Racing,2023-12-24,Monumental,gol con la mano,41',Yes,No penal
Vélez,Boca,2024-06-02,Monumental,entrada fuerte desde atrás,20',Yes,Roja
Racing,Independiente,2025-01-22,Cilindro,remate desviado tras rebote,3',No,Roja
River,Huracán,2024-08-01,Libertadores de América,simulación de falta,30',Yes,No penal
Racing,Independiente,2025-04-28,Nuevo Gasómetro,empujón dentro del área,20',Yes,Offside
San Lorenzo,Lanús,2024-01-12,La Bombonera,codazo en salto,22',No,Penal
Huracán,Boca,2024-03-16,Libertadores de América,posición adelantada en el gol,73',Yes,Penal
Racing,Vélez,2024-12-29,Nuevo Gasómetro,codazo en salto,15',No,Penal
Independiente,Huracán,2024-06-05,Nuevo Gasómetro,contacto leve en el área,35',No,Gol válido
Lanús,Vélez,2023-10-11,Monumental,codazo en salto,47',Yes,Gol anulado
Huracán,Boca,2025-01-07,La Bombonera,posición adelantada en el gol,56',No,Amarilla
Racing,San Lorenzo,2024-01-04,Nuevo Gasómetro,codazo en salto,70',No,Amarilla
River,Vélez,2024-02-01,Libertadores de América,mano en el área tras un centro,21',Yes,Penal
River,Vélez,2024-01-05,La Bombonera,gol legítimo,69',Yes,No penal
Vélez,River,2024-06-06,Cilindro,posición adelantada en el gol,58',Yes,Gol anulado
Independiente,Huracán,2024-10-07,Monumental,remate desviado tras rebote,89',No,Penal
Lanús,River,2023-09-11,La Bombonera,codazo en salto,44',Yes,Roja
Huracán,San Lorenzo,2024-04-15,Cilindro,empujón dentro del área,65',No,Offside
Lanús,Boca,2025-03-01,Monumental,contacto leve en el área,22',No,Roja
Racing,Independiente,2024-11-14,Cilindro,gol con la mano,61',Yes,Penal
Vélez,Lanús,2024-01-04,Monumental,posición adelantada en el gol,64',No,Offside
Vélez,Huracán,2025-04-26,Libertadores de América,gol con la mano,63',No,Roja
Lanús,River,2024-09-11,Monumental,codazo en salto,20',Yes,Amarilla
Huracán,Vélez,2023-10-22,Nuevo Gasómetro,contacto leve en el área,19',Yes,Offside
San Lorenzo,Huracán,2024-11-25,La Bombonera,mano en el área tras un centro,53',No,No penal
San Lorenzo,Boca,2024-01-23,Monumental,codazo en salto,36',Yes,Roja
Independiente,Lanús,2024-11-07,Cilindro,mano en el área tras un centro,67',Yes,Offside
River,Racing,2025-02-13,Monumental,posición adelantada en el gol,90',No,Amarilla
Vélez,San Lorenzo,2024-06-07,Monumental,posición adelantada en el gol,1',Yes,Gol válido
Vélez,Huracán,2025-05-20,Nuevo Gasómetro,contacto leve en el área,59',No,No penal
Huracán,Boca,2024-08-13,Libertadores de América,posición adelantada en el gol,24',No,Penal
Independiente,Vélez,2023-12-04,Cilindro,remate desviado tras rebote,37',Yes,Penal
Huracán,River,2024-03-06,Monumental,codazo en salto,82',Yes,Offside
Racing,Boca,2024-09-27,Nuevo Gasómetro,posición adelantada en el gol,23',Yes,Gol anulado
River,Boca,2024-04-06,Nuevo Gasómetro,mano en el área tras un centro,15',No,Roja
Vélez,Independiente,2025-01-28,Libertadores de América,gol legítimo,57',No,No penal
Lanús,Boca,2025-04-18,Nuevo Gasómetro,entrada fuerte desde atrás,31',Yes,Gol anulado
Huracán,San Lorenzo,2023-10-08,Cilindro,simulación de falta,53',No,Penal
Boca,Huracán,2023-11-30,La Bombonera,remate desviado tras rebote,78',No,No penal
Huracán,Vélez,2025-03-10,Libertadores de América,mano en el área tras un centro,2',Yes,Gol anulado
Huracán,Boca,2023-11-21,La Bombonera,empujón dentro del área,34',Yes,No penal
Vélez,Racing,2023-12-25,Libertadores de América,mano en el área tras un centro,43',No,Gol válido
San Lorenzo,Independiente,2025-04-18,Monumental,entrada fuerte desde atrás,3',No,Amarilla
Vélez,Racing,2023-09-18,Nuevo Gasómetro,mano en el área tras un centro,16',No,Gol anulado
Huracán,Lanús,2024-03-11,Cilindro,posición adelantada en el gol,43',No,Roja
Huracán,Independiente,2023-12-19,Monumental,remate desviado tras rebote,2',Yes,Gol anulado
Vélez,Independiente,2023-08-06,Nuevo Gasómetro,posición adelantada en el gol,86',Yes,Gol válido
Boca,Racing,2025-03-19,Cilindro,gol con la mano,36',No,No penal
San Lorenzo,Huracán,2024-01-16,Libertadores de América,mano en el área tras un centro,61',Yes,Gol anulado
Huracán,Racing,2024-08-04,Nuevo Gasómetro,empujón dentro del área,34',Yes,Gol anulado
Huracán,River,2023-09-20,Libertadores de América,gol legítimo,11',Yes,Amarilla
Independiente,Huracán,2024-12-28,Cilindro,entrada fuerte desde atrás,25',Yes,Amarilla
Independiente,River,2023-07-22,Libertadores de América,contacto leve en el área,52',No,Gol válido
San Lorenzo,Independiente,2025-02-10,La Bombonera,posición adelantada en el gol,3',Yes,Penal
Racing,Independiente,2025-04-13,Cilindro,posición adelantada en el gol,47',Yes,Offside
Racing,San Lorenzo,2023-12-05,Libertadores de América,posición adelantada en el gol,76',No,Penal
River,Huracán,2024-06-11,Cilindro,contacto leve en el área,84',No,Amarilla
Vélez,Independiente,2025-04-08,La Bombonera,gol con la mano,62',Yes,Penal
Lanús,Huracán,2023-12-13,Monumental,codazo en salto,50',Yes,Penal
Vélez,Lanús,2023-07-22,Cilindro,mano en el área tras un centro,49',No,Penal
Boca,Vélez,2023-11-07,Nuevo Gasómetro,contacto leve en el área,57',Yes,Amarilla
San Lorenzo,Boca,2024-03-20,Cilindro,remate desviado tras rebote,11',No,Penal
Boca,River,2023-11-21,Nuevo Gasómetro,entrada fuerte desde atrás,17',No,Offside
Vélez,Huracán,2025-02-17,Nuevo Gasómetro,gol legítimo,65',No,Roja
Huracán,Boca,2025-03-04,Nuevo Gasómetro,gol con la mano,23',Yes,Amarilla
Vélez,Independiente,2024-07-31,Nuevo Gasómetro,empujón dentro del área,89',Yes,Gol válido
Racing,Boca,2024-05-10,Libertadores de América,mano en el área tras un centro,11',No,Penal
Vélez,Huracán,2024-09-11,Libertadores de América,posición adelantada en el gol,13',No,No penal
River,Vélez,2024-01-23,Cilindro,empujón dentro del área,56',Yes,No penal
Racing,San Lorenzo,2024-10-28,Libertadores de América,empujón dentro del área,51',No,Roja
River,Huracán,2023-11-03,Libertadores de América,remate desviado tras rebote,42',Yes,Offside
Huracán,Boca,2024-06-02,Libertadores de América,mano en el área tras un centro,47',Yes,Amarilla
Huracán,Independiente,2025-05-25,Monumental,mano en el área tras un centro,37',No,Gol anulado
Huracán,San Lorenzo,2023-09-27,Nuevo Gasómetro,remate desviado tras rebote,45',Yes,Gol anulado
Vélez,Boca,2023-08-16,Nuevo Gasómetro,gol con la mano,64',No,Penal
River,San Lorenzo,2024-12-10,Cilindro,posición adelantada en el gol,35',Yes,Gol anulado
Racing,Lanús,2024-10-27,Monumental,contacto leve en el área,43',No,Gol anulado
Independiente,Huracán,2024-10-01,Monumental,mano en el área tras un centro,40',No,Penal
Lanús,San Lorenzo,2024-07-15,Monumental,posición adelantada en el gol,86',No,Gol anulado
River,Vélez,2023-10-12,Monumental,simulación de falta,35',Yes,Gol anulado
River,Huracán,2023-09-07,Nuevo Gasómetro,gol legítimo,67',Yes,Offside
Huracán,River,2023-09-01,Monumental,entrada fuerte desde atrás,74',No,Penal
Racing,Vélez,2025-01-23,Libertadores de América,gol con la mano,42',No,Gol válido
Lanús,Huracán,2023-11-23,Monumental,simulación de falta,67',No,Gol válido
Huracán,Racing,2024-09-19,Cilindro,remate desviado tras rebote,14',Yes,Penal
Racing,Independiente,2024-04-02,La Bombonera,contacto leve en el área,84',Yes,Penal
River,Boca,2024-03-31,La Bombonera,gol legítimo,1',No,Amarilla
Lanús,Independiente,2024-01-05,Nuevo Gasómetro,simulación de falta,4',No,No penal
Lanús,River,2024-10-22,La Bombonera,remate desviado tras rebote,48',No,Gol válido
Lanús,Racing,2024-08-16,Cilindro,mano en el área tras un centro,48',Yes,Gol anulado
Racing,River,2024-10-26,Libertadores de América,contacto leve en el área,35',No,Gol anulado
San Lorenzo,Boca,2023-12-29,Libertadores de América,mano en el área tras un centro,60',No,Amarilla
San Lorenzo,Boca,2025-05-26,Libertadores de América,posición adelantada en el gol,23',No,Gol anulado
Independiente,River,2024-10-30,Libertadores de América,simulación de falta,21',Yes,No penal
San Lorenzo,Lanús,2023-09-23,Cilindro,entrada fuerte desde atrás,58',No,Gol válido
Vélez,Lanús,2023-07-11,Libertadores de América,mano en el área tras un centro,89',No,Gol válido
Boca,Lanús,2023-12-11,Monumental,gol con la mano,88',Yes,Roja
Racing,Lanús,2024-04-04,Nuevo Gasómetro,mano en el área tras un centro,5',No,Roja
Huracán,Racing,2023-10-28,La Bombonera,posición adelantada en el gol,64',Yes,Roja
Racing,Vélez,2023-09-19,Libertadores de América,gol con la mano,53',Yes,Amarilla
Lanús,Huracán,2023-10-24,Monumental,empujón dentro del área,69',Yes,Penal
Boca,Huracán,2023-12-02,Libertadores de América,simulación de falta,11',No,Offside
Racing,River,2025-01-14,Monumental,gol con la mano,51',Yes,Amarilla
Racing,San Lorenzo,2025-05-08,La Bombonera,posición adelantada en el gol,35',Yes,Offside
Independiente,Racing,2023-07-09,Cilindro,contacto leve en el área,25',No,Gol válido
Boca,Racing,2024-07-12,La Bombonera,remate desviado tras rebote,50',Yes,Offside
Independiente,Vélez,2024-12-26,Monumental,remate desviado tras rebote,1',No,Gol anulado
Huracán,River,2023-08-26,Cilindro,contacto leve en el área,37',No,Penal
Lanús,Boca,2025-01-20,Monumental,codazo en salto,27',No,Gol anulado
Vélez,Racing,2024-10-10,Libertadores de América,codazo en salto,2',No,Gol válido
Huracán,Independiente,2024-06-01,Nuevo Gasómetro,posición adelantada en el gol,16',No,Gol anulado
Boca,Independiente,2025-05-10,Cilindro,contacto leve en el área,69',Yes,Gol anulado
Racing,Independiente,2025-05-17,La Bombonera,mano en el área tras un centro,46',No,Amarilla
Boca,Lanús,2023-10-09,Nuevo Gasómetro,entrada fuerte desde atrás,52',No,Amarilla
Racing,Lanús,2025-03-14,Cilindro,mano en el área tras un centro,78',No,No penal
Huracán,Vélez,2025-06-01,Nuevo Gasómetro,remate desviado tras rebote,21',No,Amarilla
San Lorenzo,Boca,2024-04-11,La Bombonera,mano en el área tras un centro,40',No,Roja
Huracán,Boca,2023-06-09,Nuevo Gasómetro,gol con la mano,1',Yes,No penal
Independiente,River,2024-04-22,Monumental,entrada fuerte desde atrás,3',Yes,Penal
Huracán,Boca,2025-03-20,Nuevo Gasómetro,gol legítimo,84',No,Penal
Racing,Independiente,2024-04-02,La Bombonera,simulación de falta,54',No,Offside
Huracán,Independiente,2023-10-10,Nuevo Gasómetro,remate desviado tras rebote,85',Yes,Amarilla
Independiente,Huracán,2024-10-12,Cilindro,gol legítimo,90',Yes,No penal
Boca,River,2025-03-26,La Bombonera,empujón dentro del área,11',Yes,No penal
Vélez,River,2024-03-04,La Bombonera,gol con la mano,35',Yes,Offside
Racing,Independiente,2024-08-25,Libertadores de América,gol legítimo,28',No,Offside
Huracán,Lanús,2024-06-15,Monumental,contacto leve en el área,82',No,Gol anulado
Independiente,River,2023-06-16,Nuevo Gasómetro,gol con la mano,25',No,Amarilla
River,Huracán,2024-09-22,Monumental,gol con la mano,19',Yes,Roja
River,San Lorenzo,2024-03-22,Libertadores de América,gol legítimo,60',Yes,Gol válido
River,Vélez,2025-02-04,Nuevo Gasómetro,entrada fuerte desde atrás,21',Yes,Roja
Vélez,Independiente,2025-03-03,Nuevo Gasómetro,gol con la mano,29',Yes,Penal
Huracán,Independiente,2024-02-22,Cilindro,entrada fuerte desde atrás,26',No,Amarilla
River,Independiente,2023-07-28,Monumental,mano en el área tras un centro,85',Yes,No penal
Independiente,Boca,2024-11-13,Nuevo Gasómetro,empujón dentro del área,5',No,Gol anulado
Vélez,Huracán,2024-06-28,Monumental,posición adelantada en el gol,44',No,Gol anulado
Huracán,Lanús,2025-04-26,Nuevo Gasómetro,contacto leve en el área,37',Yes,Gol válido
San Lorenzo,Vélez,2023-06-25,Nuevo Gasómetro,gol legítimo,78',Yes,Gol anulado
Lanús,San Lorenzo,2023-12-14,Monumental,mano en el área tras un centro,19',Yes,Roja
Huracán,Vélez,2024-12-04,Libertadores de América,remate desviado tras rebote,51',Yes,Amarilla
Boca,Racing,2024-11-07,Libertadores de América,contacto leve en el área,56',Yes,Roja
Racing,Vélez,2024-07-18,Libertadores de América,mano en el área tras un centro,59',No,Offside
Vélez,Independiente,2023-12-20,La Bombonera,contacto leve en el área,14',Yes,Gol anulado
Lanús,San Lorenzo,2025-02-27,La Bombonera,posición adelantada en el gol,60',No,Gol anulado
Huracán,Independiente,2024-11-04,Cilindro,contacto leve en el área,58',No,Gol anulado
River,Independiente,2024-09-15,La Bombonera,contacto leve en el área,4',Yes,Amarilla
San Lorenzo,Racing,2024-04-01,Cilindro,posición adelantada en el gol,38',Yes,No penal
Independiente,Racing,2025-03-15,Nuevo Gasómetro,posición adelantada en el gol,19',Yes,Gol anulado
Independiente,River,2024-12-11,Libertadores de América,posición adelantada en el gol,80',Yes,No penal
Racing,Boca,2024-11-09,Libertadores de América,entrada fuerte desde atrás,19',Yes,Offside
Independiente,Huracán,2024-10-30,Monumental,empujón dentro del área,90',No,Penal
San Lorenzo,Independiente,2024-07-29,La Bombonera,mano en el área tras un centro,47',Yes,Gol válido
Lanús,Huracán,2024-01-27,Cilindro,contacto leve en el área,30',No,Amarilla
Independiente,Vélez,2024-05-13,La Bombonera,contacto leve en el área,67',Yes,Roja
Vélez,Racing,2025-01-23,Cilindro,empujón dentro del área,71',No,Offside
Lanús,Boca,2023-08-01,Monumental,codazo en salto,77',No,No penal
Vélez,Boca,2024-08-18,Cilindro,simulación de falta,39',No,Gol válido
Lanús,San Lorenzo,2024-04-27,La Bombonera,empujón dentro del área,2',No,No penal
San Lorenzo,Racing,2023-12-14,Cilindro,posición adelantada en el gol,26',Yes,Penal
River,Racing,2025-05-14,Libertadores de América,gol legítimo,39',Yes,Offside
River,Independiente,2025-06-03,Monumental,mano en el área tras un centro,38',No,Offside
Lanús,Independiente,2024-02-03,Nuevo Gasómetro,remate desviado tras rebote,57',Yes,No penal
Vélez,Boca,2024-12-25,Monumental,remate desviado tras rebote,82',No,Amarilla
Vélez,Independiente,2024-08-03,Nuevo Gasómetro,codazo en salto,34',Yes,Penal
Racing,Boca,2024-05-04,Cilindro,gol legítimo,49',Yes,Amarilla
Boca,Independiente,2024-06-18,Nuevo Gasómetro,empujón dentro del área,80',Yes,Roja
Racing,Lanús,2024-11-21,Nuevo Gasómetro,entrada fuerte desde atrás,39',Yes,Amarilla
Vélez,San Lorenzo,2024-03-18,La Bombonera,entrada fuerte desde atrás,65',No,Gol anulado
San Lorenzo,Huracán,2024-05-13,Libertadores de América,gol con la mano,37',Yes,Gol válido
Racing,Boca,2025-05-15,La Bombonera,codazo en salto,67',Yes,No penal
Racing,Vélez,2024-12-26,Nuevo Gasómetro,gol con la mano,50',Yes,Offside
Racing,Huracán,2024-09-10,Nuevo Gasómetro,entrada fuerte desde atrás,77',Yes,Amarilla
Independiente,Lanús,2024-08-14,Libertadores de América,contacto leve en el área,40',No,Roja
Independiente,Boca,2025-02-05,Cilindro,contacto leve en el área,64',Yes,No penal
Huracán,Boca,2024-02-22,Libertadores de América,gol con la mano,30',No,Offside
Racing,Independiente,2023-08-26,La Bombonera,simulación de falta,75',Yes,No penal
Vélez,Lanús,2023-07-24,Cilindro,mano en el área tras un centro,77',No,Penal
Racing,Boca,2025-01-05,Cilindro,mano en el área tras un centro,12',Yes,No penal
San Lorenzo,Vélez,2024-11-24,Libertadores de América,codazo en salto,11',Yes,Amarilla
Boca,Huracán,2024-07-03,Cilindro,contacto leve en el área,52',Yes,No penal
San Lorenzo,River,2024-01-28,Nuevo Gasómetro,empujón dentro del área,71',Yes,Gol anulado
Independiente,Vélez,2024-05-09,La Bombonera,posición adelantada en el gol,19',Yes,Gol anulado
Boca,River,2025-05-09,La Bombonera,entrada fuerte desde atrás,4',Yes,Amarilla
Racing,San Lorenzo,2025-04-27,Libertadores de América,posición adelantada en el gol,24',Yes,Penal
River,Independiente,2023-06-08,Monumental,remate desviado tras rebote,49',Yes,Gol válido
Racing,San Lorenzo,2024-04-06,La Bombonera,simulación de falta,58',No,No penal
River,Boca,2025-01-03,Libertadores de América,mano en el área tras un centro,79',No,Amarilla
River,San Lorenzo,2024-06-11,Nuevo Gasómetro,posición adelantada en el gol,44',No,Penal
River,Racing,2024-08-22,Libertadores de América,mano en el área tras un centro,62',Yes,Penal
Huracán,Lanús,2025-05-22,Libertadores de América,simulación de falta,3',Yes,Penal
River,San Lorenzo,2023-12-14,Cilindro,entrada fuerte desde atrás,56',No,Penal
Racing,Huracán,2024-01-26,La Bombonera,entrada fuerte desde atrás,15',No,Offside
San Lorenzo,Racing,2025-04-01,Nuevo Gasómetro,mano en el área tras un centro,85',No,No penal
San Lorenzo,Vélez,2023-07-12,Nuevo Gasómetro,posición adelantada en el gol,16',No,Gol válido
Independiente,Lanús,2023-12-21,Nuevo Gasómetro,gol legítimo,9',No,Offside
River,Independiente,2023-11-16,Nuevo Gasómetro,posición adelantada en el gol,62',Yes,Offside
Boca,Lanús,2024-10-26,Monumental,entrada fuerte desde atrás,85',Yes,No penal
San Lorenzo,River,2024-01-02,La Bombonera,posición adelantada en el gol,83',No,Offside
Vélez,Lanús,2025-05-19,Libertadores de América,simulación de falta,88',No,Roja
Independiente,Boca,2024-11-09,Nuevo Gasómetro,remate desviado tras rebote,86',No,Gol válido
River,Lanús,2025-05-23,La Bombonera,gol legítimo,65',Yes,Gol anulado
River,Lanús,2025-05-05,La Bombonera,posición adelantada en el gol,7',Yes,No penal
Boca,Vélez,2024-10-20,Cilindro,gol legítimo,68',Yes,Gol válido
River,Vélez,2023-12-05,Cilindro,empujón dentro del área,64',No,No penal
Boca,Vélez,2024-08-20,Monumental,mano en el área tras un centro,5',Yes,Amarilla
Vélez,Huracán,2024-09-23,La Bombonera,remate desviado tras rebote,54',No,Offside
Huracán,River,2025-02-20,Cilindro,remate desviado tras rebote,30',Yes,Offside
Boca,Lanús,2024-02-01,La Bombonera,gol legítimo,29',Yes,Gol válido
Lanús,Independiente,2024-02-12,Libertadores de América,mano en el área tras un centro,5',No,Gol anulado
Racing,Vélez,2023-07-21,Monumental,simulación de falta,27',Yes,Offside
Lanús,Huracán,2023-12-23,La Bombonera,gol legítimo,29',Yes,Roja
Boca,Independiente,2024-04-26,Monumental,gol con la mano,82',Yes,Gol anulado
San Lorenzo,Boca,2023-07-18,Nuevo Gasómetro,entrada fuerte desde atrás,40',No,Gol anulado
Racing,River,2025-03-11,Libertadores de América,gol legítimo,53',No,Roja
Independiente,Vélez,2023-11-07,Monumental,gol con la mano,85',Yes,Offside
River,Lanús,2024-06-16,La Bombonera,remate desviado tras rebote,5',Yes,Gol anulado
San Lorenzo,River,2024-11-20,La Bombonera,mano en el área tras un centro,85',Yes,Gol válido
River,Lanús,2024-04-16,Cilindro,codazo en salto,2',Yes,Offside
River,Independiente,2024-06-11,Monumental,entrada fuerte desde atrás,33',Yes,Gol válido
Boca,Vélez,2024-02-23,Nuevo Gasómetro,codazo en salto,30',Yes,Roja
Vélez,Huracán,2025-04-06,Libertadores de América,simulación de falta,21',Yes,No penal
Racing,San Lorenzo,2023-12-03,La Bombonera,codazo en salto,77',No,Gol válido
River,Racing,2025-05-28,Libertadores de América,simulación de falta,84',No,Roja
Vélez,River,2023-07-06,Cilindro,posición adelantada en el gol,64',No,Offside
Lanús,River,2024-06-06,Monumental,mano en el área tras un centro,28',Yes,Gol anulado
Lanús,Independiente,2025-03-01,Cilindro,empujón dentro del área,68',Yes,Roja
Vélez,Huracán,2024-09-04,Libertadores de América,codazo en salto,17',Yes,Gol anulado
Boca,Huracán,2023-10-06,La Bombonera,gol legítimo,64',No,No penal
Vélez,River,2023-10-26,Monumental,contacto leve en el área,48',Yes,No penal
Huracán,Independiente,2025-03-01,Libertadores de América,gol con la mano,44',No,Gol válido
Boca,Huracán,2024-02-20,Monumental,contacto leve en el área,53',No,Offside
Racing,Vélez,2023-11-16,Libertadores de América,gol con la mano,11',Yes,Roja
Boca,River,2023-10-08,Nuevo Gasómetro,gol con la mano,22',No,Amarilla
Boca,Lanús,2024-03-28,Cilindro,gol legítimo,38',Yes,Offside
Independiente,Racing,2024-09-28,La Bombonera,entrada fuerte desde atrás,66',Yes,Penal
Independiente,San Lorenzo,2024-06-03,Libertadores de América,simulación de falta,38',No,Offside
Independiente,Lanús,2024-10-06,Cilindro,gol legítimo,62',Yes,Amarilla
River,Boca,2023-06-20,Cilindro,codazo en salto,47',Yes,Penal
San Lorenzo,Racing,2024-05-07,La Bombonera,codazo en salto,29',No,Offside
Boca,Vélez,2024-11-02,Cilindro,posición adelantada en el gol,89',Yes,Gol válido
River,San Lorenzo,2023-12-01,Libertadores de América,remate desviado tras rebote,56',No,Penal
San Lorenzo,Racing,2024-05-21,Cilindro,empujón dentro del área,33',No,Gol anulado
Racing,Independiente,2024-12-06,Cilindro,gol con la mano,62',Yes,Gol anulado
Lanús,Racing,2025-04-01,Monumental,codazo en salto,37',No,Roja
Vélez,San Lorenzo,2024-01-14,Nuevo Gasómetro,gol con la mano,62',No,Roja
Huracán,River,2025-04-09,Nuevo Gasómetro,entrada fuerte desde atrás,1',No,Amarilla
Lanús,Racing,2025-03-30,Monumental,entrada fuerte desde atrás,87',Yes,No penal
San Lorenzo,Racing,2024-09-14,Monumental,contacto leve en el área,14',No,No penal
Huracán,Independiente,2023-12-11,La Bombonera,contacto leve en el área,87',No,Gol válido
Independiente,Boca,2023-09-21,Cilindro,posición adelantada en el gol,27',No,Offside
River,Vélez,2023-09-20,Cilindro,simulación de falta,66',No,No penal
Vélez,San Lorenzo,2023-10-25,Libertadores de América,remate desviado tras rebote,18',No,Gol válido
San Lorenzo,Huracán,2023-07-10,Cilindro,remate desviado tras rebote,32',No,Roja
Vélez,River,2023-09-18,Cilindro,contacto leve en el área,49',Yes,Offside
San Lorenzo,Lanús,2023-12-29,La Bombonera,remate desviado tras rebote,79',Yes,Penal
Racing,San Lorenzo,2025-06-03,La Bombonera,mano en el área tras un centro,38',Yes,Amarilla
Lanús,Boca,2025-03-25,Cilindro,entrada fuerte desde atrás,51',Yes,Roja
Huracán,River,2024-06-16,Libertadores de América,contacto leve en el área,38',No,No penal
River,Vélez,2024-04-12,Libertadores de América,gol con la mano,57',Yes,Gol anulado
San Lorenzo,Vélez,2025-02-04,Libertadores de América,empujón dentro del área,27',No,Gol válido
San Lorenzo,Vélez,2025-03-18,Nuevo Gasómetro,gol con la mano,11',No,Gol válido
Vélez,River,2025-03-11,Libertadores de América,gol legítimo,69',No,Gol anulado
Independiente,San Lorenzo,2025-04-23,Libertadores de América,contacto leve en el área,11',No,Roja
Huracán,Lanús,2024-01-15,Monumental,remate desviado tras rebote,56',Yes,Roja
Racing,Lanús,2024-06-21,Monumental,empujón dentro del área,31',Yes,Gol válido
Racing,Vélez,2025-05-20,Monumental,gol legítimo,35',Yes,Gol válido
Vélez,Independiente,2023-07-01,Nuevo Gasómetro,codazo en salto,42',Yes,Gol anulado
River,Independiente,2024-05-01,Monumental,entrada fuerte desde atrás,51',No,Amarilla
Boca,River,2025-03-29,Nuevo Gasómetro,posición adelantada en el gol,25',No,Amarilla
Lanús,Vélez,2023-09-25,Nuevo Gasómetro,empujón dentro del área,13',No,Gol válido
River,Racing,2025-02-07,Monumental,entrada fuerte desde atrás,7',No,Amarilla
Independiente,San Lorenzo,2024-11-16,Libertadores de América,entrada fuerte desde atrás,8',Yes,Amarilla
Lanús,River,2024-05-26,Cilindro,entrada fuerte desde atrás,26',Yes,Roja
Racing,Huracán,2024-01-14,Cilindro,codazo en salto,57',Yes,Amarilla
River,San Lorenzo,2023-10-22,La Bombonera,gol legítimo,30',No,Roja
Boca,Independiente,2023-06-12,Monumental,codazo en salto,67',No,Offside
Huracán,Vélez,2025-01-19,La Bombonera,empujón dentro del área,66',Yes,Amarilla
San Lorenzo,Racing,2023-12-31,La Bombonera,posición adelantada en el gol,26',Yes,Offside
Independiente,Racing,2024-07-20,Nuevo Gasómetro,mano en el área tras un centro,52',No,Offside
Independiente,Boca,2025-05-09,Monumental,gol legítimo,84',No,Offside
San Lorenzo,River,2024-02-20,Cilindro,codazo en salto,13',Yes,Gol válido
Independiente,Huracán,2024-11-12,Libertadores de América,mano en el área tras un centro,2',No,Gol anulado
Lanús,Vélez,2024-12-04,Nuevo Gasómetro,empujón dentro del área,38',No,Offside
San Lorenzo,Independiente,2024-07-03,Nuevo Gasómetro,mano en el área tras un centro,65',Yes,Offside
Racing,Huracán,2025-05-06,Nuevo Gasómetro,remate desviado tras rebote,86',No,Amarilla
Huracán,River,2023-10-05,Libertadores de América,contacto leve en el área,56',No,Roja
River,Huracán,2025-04-15,Cilindro,gol con la mano,73',No,No penal
River,San Lorenzo,2025-03-12,Cilindro,remate desviado tras rebote,5',Yes,Penal
River,Vélez,2024-05-23,Monumental,gol con la mano,1',Yes,Amarilla
Huracán,Independiente,2024-11-03,La Bombonera,contacto leve en el área,16',Yes,Gol válido
San Lorenzo,Vélez,2025-01-06,Libertadores de América,posición adelantada en el gol,73',No,No penal
Huracán,Lanús,2024-01-29,Monumental,gol con la mano,33',No,No penal
Independiente,Vélez,2024-11-24,Nuevo Gasómetro,codazo en salto,72',Yes,Gol válido
River,San Lorenzo,2024-03-07,Libertadores de América,remate desviado tras rebote,39',Yes,Penal
Boca,Lanús,2024-10-14,La Bombonera,gol con la mano,20',No,Gol válido
Independiente,San Lorenzo,2025-03-18,Libertadores de América,contacto leve en el área,19',Yes,Roja
Huracán,Racing,2024-12-31,Monumental,mano en el área tras un centro,30',Yes,No penal
Racing,River,2023-06-21,Libertadores de América,posición adelantada en el gol,37',No,Penal
Boca,Huracán,2024-05-24,Monumental,contacto leve en el área,44',No,Gol válido
Vélez,Boca,2024-06-02,Monumental,gol con la mano,83',Yes,Amarilla
Vélez,River,2023-10-16,Nuevo Gasómetro,gol legítimo,50',Yes,Gol anulado
Vélez,Huracán,2024-03-03,La Bombonera,contacto leve en el área,4',No,Offside
River,Independiente,2023-11-22,Cilindro,codazo en salto,32',No,Offside
Racing,San Lorenzo,2024-01-01,La Bombonera,gol legítimo,32',No,Offside
San Lorenzo,Boca,2023-11-19,Nuevo Gasómetro,posición adelantada en el gol,79',Yes,Amarilla
Vélez,Independiente,2023-10-28,Nuevo Gasómetro,simulación de falta,8',Yes,Penal
San Lorenzo,Huracán,2024-03-18,Nuevo Gasómetro,entrada fuerte desde atrás,76',No,Gol anulado
River,Boca,2024-11-27,Nuevo Gasómetro,empujón dentro del área,72',No,No penal
River,San Lorenzo,2023-10-15,Libertadores de América,empujón dentro del área,7',No,Penal
Boca,Racing,2024-06-07,Cilindro,simulación de falta,25',Yes,Offside
Boca,Independiente,2024-02-22,Cilindro,codazo en salto,58',Yes,Gol válido
River,San Lorenzo,2023-07-19,Cilindro,mano en el área tras un centro,41',Yes,No penal
Lanús,Vélez,2024-02-27,Cilindro,simulación de falta,9',Yes,Amarilla
Boca,Lanús,2023-12-08,Nuevo Gasómetro,contacto leve en el área,85',No,Penal
Racing,Vélez,2024-03-07,Libertadores de América,simulación de falta,73',No,No penal
Vélez,Lanús,2023-11-25,Nuevo Gasómetro,remate desviado tras rebote,68',Yes,Gol anulado
Huracán,River,2023-07-27,Nuevo Gasómetro,simulación de falta,65',No,Gol anulado
Racing,Boca,2023-10-18,Libertadores de América,contacto leve en el área,49',No,Offside
Independiente,Vélez,2023-09-19,Nuevo Gasómetro,entrada fuerte desde atrás,44',No,Penal
Independiente,San Lorenzo,2023-12-22,Nuevo Gasómetro,gol legítimo,39',Yes,Gol anulado
Boca,Racing,2024-10-21,Libertadores de América,simulación de falta,62',No,Amarilla
Huracán,San Lorenzo,2024-07-07,Libertadores de América,posición adelantada en el gol,42',No,Gol anulado
Boca,Huracán,2023-12-22,La Bombonera,mano en el área tras un centro,79',Yes,Gol válido
Lanús,Independiente,2025-03-28,Nuevo Gasómetro,codazo en salto,30',Yes,Gol anulado
Boca,Racing,2024-04-02,Cilindro,gol legítimo,75',Yes,Penal
Huracán,Lanús,2025-01-03,Libertadores de América,posición adelantada en el gol,18',Yes,Offside
San Lorenzo,Boca,2024-06-28,Nuevo Gasómetro,gol con la mano,23',No,Gol válido
Racing,Boca,2023-09-20,Libertadores de América,codazo en salto,71',Yes,Penal
Lanús,San Lorenzo,2024-10-05,Monumental,empujón dentro del área,19',No,No penal
San Lorenzo,River,2024-04-24,Libertadores de América,entrada fuerte desde atrás,56',Yes,Offside
River,Racing,2024-09-21,Libertadores de América,posición adelantada en el gol,33',Yes,No penal
Racing,Boca,2025-05-18,Monumental,codazo en salto,56',Yes,Amarilla
Racing,River,2023-09-20,Monumental,remate desviado tras rebote,25',No,Penal
Independiente,Lanús,2023-07-09,Nuevo Gasómetro,remate desviado tras rebote,89',Yes,No penal
Lanús,Independiente,2025-01-11,Libertadores de América,gol legítimo,82',Yes,Amarilla
San Lorenzo,Boca,2024-11-23,Libertadores de América,contacto leve en el área,18',No,Gol válido
San Lorenzo,Huracán,2023-11-11,Monumental,gol legítimo,86',No,Amarilla
San Lorenzo,River,2024-08-11,Nuevo Gasómetro,gol con la mano,27',Yes,No penal
Independiente,Vélez,2023-09-02,La Bombonera,simulación de falta,81',Yes,Gol anulado
Boca,Racing,2024-06-22,Monumental,simulación de falta,69',No,Gol válido
Independiente,Racing,2023-08-21,La Bombonera,posición adelantada en el gol,17',No,Gol anulado
Boca,River,2024-08-23,Libertadores de América,remate desviado tras rebote,43',No,Amarilla
River,San Lorenzo,2024-12-01,La Bombonera,simulación de falta,59',No,Gol válido
Vélez,Independiente,2024-11-19,Libertadores de América,entrada fuerte desde atrás,39',Yes,Roja
San Lorenzo,Independiente,2023-07-18,Libertadores de América,entrada fuerte desde atrás,20',No,Offside
River,Boca,2023-12-02,Monumental,simulación de falta,11',Yes,Roja
Independiente,Huracán,2025-02-01,Monumental,codazo en salto,31',Yes,Gol válido
San Lorenzo,Boca,2024-11-19,Cilindro,simulación de falta,61',No,Roja
River,San Lorenzo,2024-07-21,Nuevo Gasómetro,mano en el área tras un centro,9',Yes,Gol anulado
River,Racing,2025-06-06,Cilindro,mano en el área tras un centro,34',Yes,Roja
Lanús,Vélez,2024-03-06,Nuevo Gasómetro,mano en el área tras un centro,85',No,Penal
Racing,Boca,2024-04-20,Nuevo Gasómetro,mano en el área tras un centro,9',Yes,Gol anulado
Independiente,Vélez,2023-08-31,La Bombonera,posición adelantada en el gol,89',Yes,Gol válido
Independiente,San Lorenzo,2023-06-29,Libertadores de América,remate desviado tras rebote,1',Yes,Offside
Racing,Independiente,2023-10-24,Cilindro,posición adelantada en el gol,31',Yes,Penal
Huracán,Independiente,2024-12-23,Monumental,simulación de falta,84',No,Offside
Boca,Lanús,2023-06-29,Libertadores de América,posición adelantada en el gol,85',Yes,Penal
San Lorenzo,Lanús,2024-11-18,Monumental,mano en el área tras un centro,16',Yes,Amarilla
Racing,San Lorenzo,2025-05-03,Cilindro,gol con la mano,30',Yes,Penal
Independiente,San Lorenzo,2025-04-20,Nuevo Gasómetro,entrada fuerte desde atrás,41',No,Penal
River,Independiente,2024-02-25,Nuevo Gasómetro,mano en el área tras un centro,85',Yes,Gol anulado
River,Huracán,2023-08-23,Cilindro,posición adelantada en el gol,39',No,Offside
Independiente,San Lorenzo,2023-07-02,Cilindro,posición adelantada en el gol,52',No,No penal
San Lorenzo,River,2024-03-04,Monumental,entrada fuerte desde atrás,10',No,Gol anulado
Vélez,Boca,2024-07-07,Libertadores de América,codazo en salto,74',Yes,Offside
Independiente,San Lorenzo,2025-03-29,Monumental,gol legítimo,86',No,No penal
Vélez,San Lorenzo,2023-07-11,La Bombonera,gol con la mano,28',No,Penal
Vélez,San Lorenzo,2024-03-17,La Bombonera,gol con la mano,6',Yes,Offside
Independiente,Vélez,2025-03-10,La Bombonera,posición adelantada en el gol,82',No,Roja
Boca,Vélez,2024-10-02,La Bombonera,remate desviado tras rebote,74',Yes,Gol anulado
Independiente,River,2023-11-21,Monumental,remate desviado tras rebote,32',Yes,Penal
Vélez,Lanús,2025-05-03,Monumental,gol legítimo,30',No,Roja
Independiente,Vélez,2024-12-13,Libertadores de América,posición adelantada en el gol,74',No,No penal
Racing,Lanús,2024-05-09,Libertadores de América,gol con la mano,79',Yes,Penal
Huracán,Lanús,2023-12-03,Nuevo Gasómetro,gol legítimo,61',No,Roja
San Lorenzo,Lanús,2025-03-13,Cilindro,entrada fuerte desde atrás,42',No,Penal
River,Huracán,2024-11-06,La Bombonera,empujón dentro del área,90',Yes,Roja
Lanús,River,2024-08-19,La Bombonera,contacto leve en el área,29',No,Penal
Independiente,San Lorenzo,2024-12-02,Monumental,empujón dentro del área,12',No,Gol válido
Independiente,Lanús,2023-07-12,Nuevo Gasómetro,contacto leve en el área,76',Yes,Amarilla
Racing,Lanús,2024-10-28,Nuevo Gasómetro,contacto leve en el área,59',Yes,No penal
River,Huracán,2023-07-26,Monumental,mano en el área tras un centro,2',No,Amarilla
Lanús,San Lorenzo,2023-08-04,Nuevo Gasómetro,codazo en salto,90',No,Amarilla
Independiente,Vélez,2024-09-12,Nuevo Gasómetro,codazo en salto,67',Yes,Penal
River,San Lorenzo,2024-01-05,Monumental,contacto leve en el área,38',No,Offside
River,San Lorenzo,2024-06-15,Nuevo Gasómetro,gol con la mano,31',Yes,Gol válido
Racing,Vélez,2024-01-16,Nuevo Gasómetro,remate desviado tras rebote,34',No,Penal
Lanús,River,2024-05-26,Cilindro,posición adelantada en el gol,68',No,Offside
River,Vélez,2023-09-13,Libertadores de América,entrada fuerte desde atrás,13',No,Gol anulado
San Lorenzo,River,2023-11-17,Cilindro,gol con la mano,86',Yes,Gol válido
Lanús,Boca,2025-03-22,Libertadores de América,mano en el área tras un centro,49',No,No penal
Independiente,Boca,2025-01-19,Libertadores de América,empujón dentro del área,39',Yes,No penal
Independiente,Vélez,2024-05-16,Monumental,contacto leve en el área,67',Yes,No penal
Vélez,Lanús,2023-12-20,Cilindro,mano en el área tras un centro,78',No,Gol válido
Racing,Independiente,2024-01-12,Libertadores de América,simulación de falta,42',No,Offside
Lanús,Independiente,2024-03-17,Monumental,contacto leve en el área,50',Yes,No penal
Lanús,River,2023-10-07,Monumental,codazo en salto,46',No,Penal
Huracán,San Lorenzo,2024-04-16,Nuevo Gasómetro,mano en el área tras un centro,32',No,No penal
Racing,Huracán,2023-11-24,Cilindro,codazo en salto,61',No,Offside
River,Racing,2023-10-31,La Bombonera,codazo en salto,10',No,Gol anulado
San Lorenzo,Lanús,2023-08-20,Cilindro,mano en el área tras un centro,69',No,No penal
Independiente,San Lorenzo,2023-10-13,La Bombonera,remate desviado tras rebote,73',No,Gol anulado
Lanús,San Lorenzo,2024-01-27,Libertadores de América,entrada fuerte desde atrás,66',Yes,Penal
Huracán,Boca,2024-01-18,Monumental,gol legítimo,55',No,Penal
San Lorenzo,River,2023-12-27,Monumental,codazo en salto,74',Yes,Roja
Boca,Lanús,2024-10-09,Monumental,mano en el área tras un centro,44',Yes,Roja
Vélez,Boca,2023-09-10,Nuevo Gasómetro,entrada fuerte desde atrás,74',Yes,Offside
Lanús,Boca,2024-10-06,Cilindro,empujón dentro del área,74',Yes,Offside
Boca,Vélez,2023-08-27,La Bombonera,posición adelantada en el gol,34',Yes,Offside
Huracán,Boca,2024-03-20,Libertadores de América,codazo en salto,53',Yes,Penal
Lanús,San Lorenzo,2025-05-28,La Bombonera,posición adelantada en el gol,31',Yes,Roja
Boca,Lanús,2025-02-24,Libertadores de América,posición adelantada en el gol,4',No,Gol anulado
San Lorenzo,Vélez,2025-02-18,La Bombonera,contacto leve en el área,81',No,Roja
Independiente,Vélez,2023-06-11,Cilindro,codazo en salto,69',No,Offside
Independiente,Vélez,2025-05-05,Monumental,contacto leve en el área,32',Yes,Gol válido
Racing,Boca,2024-09-15,Libertadores de América,mano en el área tras un centro,22',Yes,Penal
Boca,Vélez,2023-11-18,Cilindro,mano en el área tras un centro,78',Yes,Gol válido
Independiente,Vélez,2025-03-03,Cilindro,simulación de falta,32',No,No penal
River,San Lorenzo,2023-08-01,Cilindro,contacto leve en el área,65',Yes,Offside
Boca,Racing,2024-04-12,Nuevo Gasómetro,remate desviado tras rebote,90',No,Gol anulado
Racing,Boca,2023-09-16,Cilindro,simulación de falta,80',No,Offside
Lanús,Racing,2024-05-07,Cilindro,codazo en salto,78',No,Gol anulado
Vélez,Racing,2024-03-23,La Bombonera,simulación de falta,9',Yes,Gol válido
Boca,Racing,2025-03-30,Cilindro,simulación de falta,41',No,Penal
Independiente,Lanús,2025-05-02,Cilindro,contacto leve en el área,42',Yes,Amarilla
San Lorenzo,Racing,2024-03-04,Monumental,posición adelantada en el gol,39',Yes,Roja
Racing,San Lorenzo,2025-05-03,Nuevo Gasómetro,simulación de falta,68',Yes,Penal
Huracán,River,2025-02-03,Monumental,mano en el área tras un centro,73',No,Gol válido
Lanús,Independiente,2023-07-26,Monumental,gol legítimo,3',No,Offside
Independiente,San Lorenzo,2024-11-28,Monumental,posición adelantada en el gol,46',No,Amarilla
Vélez,Lanús,2024-09-30,Libertadores de América,codazo en salto,17',No,Amarilla
Vélez,Independiente,2025-04-17,Monumental,posición adelantada en el gol,69',Yes,Offside
Lanús,River,2025-01-05,Cilindro,remate desviado tras rebote,44',Yes,Gol anulado
San Lorenzo,Independiente,2023-11-18,Monumental,entrada fuerte desde atrás,74',No,Roja
Racing,Boca,2024-11-10,Monumental,mano en el área tras un centro,46',No,Gol válido
Huracán,Independiente,2024-09-10,Monumental,simulación de falta,73',Yes,Gol anulado
Independiente,Lanús,2025-01-01,Nuevo Gasómetro,gol con la mano,43',Yes,Penal
Racing,Huracán,2024-09-28,Monumental,remate desviado tras rebote,25',Yes,Amarilla
Vélez,San Lorenzo,2023-08-01,Nuevo Gasómetro,gol con la mano,15',Yes,Gol anulado
Vélez,San Lorenzo,2025-03-17,Cilindro,gol legítimo,42',No,Gol anulado
San Lorenzo,Lanús,2024-10-15,Monumental,gol con la mano,72',Yes,No penal
Vélez,Racing,2023-12-19,Libertadores de América,posición adelantada en el gol,30',No,Amarilla
Huracán,Lanús,2025-01-31,La Bombonera,remate desviado tras rebote,43',No,Offside
Vélez,River,2023-09-19,Monumental,entrada fuerte desde atrás,75',No,Penal
Lanús,Boca,2024-12-12,Nuevo Gasómetro,entrada fuerte desde atrás,19',Yes,Gol anulado
Racing,Independiente,2024-12-29,Libertadores de América,simulación de falta,4',No,Roja
Lanús,Racing,2024-10-01,La Bombonera,codazo en salto,64',No,Offside
Vélez,Independiente,2025-04-26,Cilindro,contacto leve en el área,71',Yes,Penal
Racing,Vélez,2024-07-11,Libertadores de América,gol con la mano,10',Yes,Gol válido
Lanús,Huracán,2024-06-27,Nuevo Gasómetro,empujón dentro del área,64',No,Penal
Huracán,Lanús,2024-07-04,Nuevo Gasómetro,simulación de falta,16',Yes,Gol válido
Boca,San Lorenzo,2024-04-23,Monumental,simulación de falta,83',Yes,Offside
Huracán,Vélez,2023-06-22,Libertadores de América,mano en el área tras un centro,81',No,Gol válido
River,Lanús,2024-01-21,La Bombonera,remate desviado tras rebote,60',Yes,No penal
Vélez,Racing,2024-09-23,Monumental,contacto leve en el área,38',Yes,No penal
Independiente,Huracán,2023-09-04,Nuevo Gasómetro,remate desviado tras rebote,38',No,Amarilla
San Lorenzo,Racing,2024-09-06,La Bombonera,gol con la mano,64',Yes,Gol anulado
Lanús,Vélez,2023-09-10,La Bombonera,simulación de falta,81',No,No penal
San Lorenzo,Lanús,2023-07-27,Libertadores de América,codazo en salto,41',No,No penal
San Lorenzo,Huracán,2024-02-06,Nuevo Gasómetro,mano en el área tras un centro,34',No,Amarilla
Boca,River,2024-05-16,Libertadores de América,gol legítimo,51',Yes,Roja
Racing,Boca,2023-10-19,Monumental,mano en el área tras un centro,23',No,No penal
Huracán,River,2025-05-08,Nuevo Gasómetro,contacto leve en el área,41',No,Roja
San Lorenzo,Independiente,2025-02-03,Nuevo Gasómetro,entrada fuerte desde atrás,48',Yes,Roja
Boca,Independiente,2024-08-24,Cilindro,entrada fuerte desde atrás,59',Yes,No penal
Lanús,San Lorenzo,2024-08-16,Libertadores de América,mano en el área tras un centro,21',Yes,Offside
San Lorenzo,Independiente,2024-06-14,Nuevo Gasómetro,posición adelantada en el gol,90',Yes,No penal
Lanús,Boca,2025-03-27,Libertadores de América,empujón dentro del área,44',Yes,Offside
Lanús,Independiente,2024-03-12,Cilindro,gol legítimo,35',No,Gol anulado
River,Independiente,2024-06-04,Monumental,empujón dentro del área,45',Yes,Penal
Huracán,Racing,2023-09-21,Cilindro,posición adelantada en el gol,82',Yes,Gol anulado
Huracán,Vélez,2024-07-26,Cilindro,empujón dentro del área,27',No,Amarilla
Independiente,Racing,2024-10-14,Nuevo Gasómetro,gol legítimo,58',Yes,No penal
Lanús,Racing,2024-07-06,Libertadores de América,entrada fuerte desde atrás,15',Yes,Roja
Lanús,Racing,2025-02-08,Nuevo Gasómetro,simulación de falta,85',No,Roja
Boca,Huracán,2024-01-21,Libertadores de América,gol legítimo,6',Yes,Amarilla
Boca,Lanús,2023-08-10,Monumental,simulación de falta,84',Yes,No penal
Racing,Vélez,2023-11-06,Libertadores de América,mano en el área tras un centro,37',No,No penal
Independiente,Vélez,2024-12-30,Libertadores de América,empujón dentro del área,88',Yes,Gol válido
Independiente,River,2023-08-23,Libertadores de América,remate desviado tras rebote,8',No,Gol válido
River,Independiente,2023-06-25,Nuevo Gasómetro,mano en el área tras un centro,8',No,No penal
Boca,San Lorenzo,2023-12-05,La Bombonera,entrada fuerte desde atrás,55',No,Penal
San Lorenzo,Boca,2024-05-31,La Bombonera,remate desviado tras rebote,24',Yes,Gol válido
San Lorenzo,Racing,2023-11-03,Nuevo Gasómetro,contacto leve en el área,72',No,Gol anulado
Huracán,San Lorenzo,2024-03-18,Monumental,posición adelantada en el gol,2',No,No penal
Huracán,Racing,2024-07-05,Nuevo Gasómetro,posición adelantada en el gol,11',Yes,No penal
San Lorenzo,Lanús,2025-02-18,Nuevo Gasómetro,codazo en salto,28',No,Gol válido
Vélez,Racing,2025-02-13,La Bombonera,contacto leve en el área,39',Yes,No penal
River,Independiente,2023-06-18,Monumental,contacto leve en el área,66',Yes,Offside
San Lorenzo,River,2024-11-27,Cilindro,gol con la mano,3',Yes,No penal
Racing,Boca,2024-02-02,Monumental,entrada fuerte desde atrás,4',Yes,Penal
San Lorenzo,Lanús,2023-07-11,La Bombonera,empujón dentro del área,51',Yes,Penal
San Lorenzo,Vélez,2024-04-06,Monumental,contacto leve en el área,8',Yes,Roja
Racing,Boca,2023-12-23,Monumental,gol legítimo,6',No,Offside
Vélez,Boca,2024-10-28,Monumental,simulación de falta,32',Yes,Gol válido
Vélez,Lanús,2025-02-02,Nuevo Gasómetro,contacto leve en el área,45',No,Gol válido
Boca,San Lorenzo,2024-10-03,Libertadores de América,posición adelantada en el gol,85',No,No penal
River,Racing,2023-07-15,Cilindro,mano en el área tras un centro,66',Yes,Gol válido
River,Boca,2024-07-21,Nuevo Gasómetro,empujón dentro del área,65',No,Gol anulado
Huracán,Vélez,2025-04-26,Nuevo Gasómetro,gol con la mano,37',Yes,No penal
Lanús,Huracán,2024-10-08,Libertadores de América,empujón dentro del área,45',Yes,Roja
Lanús,Boca,2024-06-07,Nuevo Gasómetro,codazo en salto,60',No,Offside
Racing,Huracán,2025-01-23,Nuevo Gasómetro,remate desviado tras rebote,57',No,No penal
Independiente,Huracán,2024-08-26,Monumental,empujón dentro del área,66',No,No penal
Boca,Racing,2025-01-19,Cilindro,contacto leve en el área,74',No,Penal
Independiente,Lanús,2024-11-13,Cilindro,empujón dentro del área,52',No,Penal
Vélez,Racing,2024-07-18,Monumental,gol legítimo,20',No,Gol válido
Racing,Lanús,2025-04-08,La Bombonera,remate desviado tras rebote,55',No,Gol anulado
Lanús,Racing,2025-05-25,Monumental,gol legítimo,34',Yes,Gol anulado
Independiente,Boca,2024-10-13,Monumental,mano en el área tras un centro,64',No,Penal
San Lorenzo,Racing,2024-05-08,Cilindro,empujón dentro del área,9',Yes,Amarilla
Independiente,River,2024-10-27,Cilindro,codazo en salto,59',Yes,Roja
Boca,San Lorenzo,2025-04-22,Cilindro,simulación de falta,56',No,Gol anulado
River,Independiente,2024-07-19,Cilindro,remate desviado tras rebote,6',No,Gol válido
Huracán,Lanús,2024-09-23,La Bombonera,codazo en salto,18',No,Roja
Independiente,Huracán,2024-01-09,Monumental,codazo en salto,78',No,Amarilla
Boca,Racing,2024-10-10,Monumental,simulación de falta,76',No,Offside
Lanús,Boca,2024-04-01,La Bombonera,remate desviado tras rebote,82',No,Amarilla
San Lorenzo,River,2024-09-09,Libertadores de América,contacto leve en el área,82',Yes,Gol válido
Racing,Vélez,2023-11-22,Libertadores de América,contacto leve en el área,37',Yes,Penal
San Lorenzo,River,2023-06-17,Cilindro,contacto leve en el área,63',No,Gol válido
Boca,Racing,2023-08-26,La Bombonera,gol con la mano,53',Yes,Offside
Boca,Huracán,2024-10-08,Cilindro,empujón dentro del área,19',No,No penal
San Lorenzo,Vélez,2024-02-24,Libertadores de América,posición adelantada en el gol,17',No,Amarilla
River,Independiente,2024-12-07,Cilindro,entrada fuerte desde atrás,34',Yes,Gol anulado
Boca,Huracán,2024-12-04,La Bombonera,contacto leve en el área,44',Yes,Offside
Independiente,River,2025-05-05,Monumental,simulación de falta,33',Yes,No penal
River,Independiente,2023-06-07,Monumental,simulación de falta,26',Yes,Offside
Lanús,River,2023-08-03,Nuevo Gasómetro,entrada fuerte desde atrás,36',Yes,Gol válido
Independiente,Racing,2025-01-07,La Bombonera,gol legítimo,22',No,Offside
Boca,Vélez,2023-11-26,Nuevo Gasómetro,remate desviado tras rebote,14',No,Amarilla
River,Vélez,2024-11-05,Libertadores de América,empujón dentro del área,5',No,Roja
Boca,Lanús,2023-08-28,Libertadores de América,entrada fuerte desde atrás,23',No,Penal
Boca,Racing,2024-02-19,Monumental,entrada fuerte desde atrás,81',Yes,Offside
Independiente,Lanús,2024-08-28,Cilindro,codazo en salto,88',No,Roja
Lanús,Independiente,2024-09-14,Cilindro,contacto leve en el área,23',Yes,Gol anulado
Huracán,Lanús,2025-04-29,Monumental,gol con la mano,36',No,Penal
Independiente,River,2023-08-20,Nuevo Gasómetro,remate desviado tras rebote,36',No,Amarilla
Racing,Lanús,2025-05-25,Nuevo Gasómetro,posición adelantada en el gol,2',No,Amarilla
San Lorenzo,Boca,2024-08-31,Nuevo Gasómetro,codazo en salto,31',No,Offside
Independiente,Vélez,2023-10-19,Libertadores de América,simulación de falta,61',No,Gol anulado
San Lorenzo,Vélez,2024-04-03,Monumental,simulación de falta,79',No,Offside
Vélez,Boca,2023-11-06,La Bombonera,gol legítimo,8',Yes,Offside
San Lorenzo,Lanús,2024-01-23,Libertadores de América,mano en el área tras un centro,50',Yes,Roja
Lanús,Boca,2024-05-04,Libertadores de América,empujón dentro del área,70',Yes,Amarilla
Racing,Lanús,2025-04-03,Cilindro,entrada fuerte desde atrás,64',No,Gol anulado
Vélez,Boca,2023-08-22,Nuevo Gasómetro,remate desviado tras rebote,53',No,Penal
Lanús,Racing,2025-01-07,La Bombonera,mano en el área tras un centro,74',Yes,Roja
Independiente,Boca,2025-06-01,La Bombonera,empujón dentro del área,55',Yes,No penal
Vélez,San Lorenzo,2024-04-09,Monumental,mano en el área tras un centro,71',No,Gol válido
Huracán,Vélez,2023-11-05,Monumental,mano en el área tras un centro,61',No,Amarilla
San Lorenzo,River,2024-08-31,Nuevo Gasómetro,gol legítimo,18',Yes,Gol válido
San Lorenzo,Racing,2025-05-05,Libertadores de América,entrada fuerte desde atrás,29',Yes,Gol anulado
Independiente,Racing,2024-03-05,La Bombonera,codazo en salto,71',No,Roja
Huracán,Boca,2023-09-01,Cilindro,gol legítimo,77',Yes,Penal
Huracán,Racing,2025-04-29,Monumental,empujón dentro del área,69',Yes,No penal
San Lorenzo,Huracán,2024-08-29,Nuevo Gasómetro,empujón dentro del área,84',No,Gol válido
River,Independiente,2023-11-18,Monumental,empujón dentro del área,67',No,Amarilla
River,Huracán,2024-04-17,La Bombonera,mano en el área tras un centro,46',No,Amarilla
Independiente,Vélez,2025-05-09,Cilindro,posición adelantada en el gol,25',Yes,No penal
Huracán,Independiente,2024-04-18,Cilindro,simulación de falta,63',No,Gol válido
Independiente,San Lorenzo,2023-10-19,Cilindro,contacto leve en el área,37',Yes,No penal
San Lorenzo,Huracán,2025-03-24,Nuevo Gasómetro,mano en el área tras un centro,33',Yes,Amarilla
River,San Lorenzo,2024-11-22,Libertadores de América,gol legítimo,51',No,Amarilla
Racing,River,2023-10-03,Monumental,gol con la mano,23',Yes,Amarilla
Vélez,River,2023-07-18,Nuevo Gasómetro,remate desviado tras rebote,39',Yes,Gol válido
River,Lanús,2023-08-01,Libertadores de América,empujón dentro del área,79',No,Offside
River,San Lorenzo,2024-08-21,Monumental,contacto leve en el área,88',No,Penal
Racing,Huracán,2024-08-02,Cilindro,entrada fuerte desde atrás,12',No,Gol anulado
Huracán,Independiente,2024-06-14,La Bombonera,codazo en salto,52',Yes,Amarilla
Huracán,River,2025-04-26,La Bombonera,entrada fuerte desde atrás,32',Yes,Penal
Racing,River,2025-02-03,Libertadores de América,remate desviado tras rebote,18',No,Roja
San Lorenzo,Independiente,2023-08-14,Nuevo Gasómetro,remate desviado tras rebote,43',Yes,Gol anulado
Racing,Lanús,2023-11-27,Nuevo Gasómetro,empujón dentro del área,62',Yes,Gol anulado
Racing,San Lorenzo,2025-01-08,La Bombonera,empujón dentro del área,32',No,Gol anulado
Vélez,Boca,2025-05-22,Monumental,mano en el área tras un centro,56',No,Penal
Lanús,Boca,2023-08-14,La Bombonera,gol con la mano,30',Yes,Gol anulado
Vélez,Racing,2025-01-30,Monumental,posición adelantada en el gol,60',No,Amarilla
Lanús,Huracán,2023-12-04,La Bombonera,gol legítimo,22',Yes,Offside
Lanús,River,2024-07-02,Monumental,empujón dentro del área,59',No,Gol válido
Lanús,Huracán,2024-11-07,Monumental,empujón dentro del área,30',Yes,Amarilla
Racing,Lanús,2023-10-29,Cilindro,simulación de falta,40',Yes,Offside
Independiente,Racing,2025-05-08,Libertadores de América,mano en el área tras un centro,37',Yes,Gol anulado
Vélez,River,2023-09-24,Cilindro,entrada fuerte desde atrás,50',No,Roja
Racing,Lanús,2023-09-13,Cilindro,simulación de falta,60',Yes,Gol válido
River,Vélez,2024-09-24,Monumental,gol legítimo,78',Yes,Penal
Racing,River,2024-07-14,Cilindro,remate desviado tras rebote,49',Yes,Roja
Huracán,Vélez,2025-01-08,Cilindro,contacto leve en el área,11',Yes,Gol anulado
Vélez,River,2024-01-14,Libertadores de América,gol legítimo,80',Yes,Penal
Independiente,Boca,2023-10-15,Cilindro,entrada fuerte desde atrás,27',No,Offside
Boca,Vélez,2024-09-11,Libertadores de América,contacto leve en el área,18',Yes,Gol válido
River,Lanús,2025-03-07,Cilindro,posición adelantada en el gol,81',No,No penal
Independiente,Racing,2024-01-25,Libertadores de América,gol con la mano,56',Yes,Gol válido
Independiente,Racing,2023-10-09,Monumental,posición adelantada en el gol,32',Yes,Gol válido
Vélez,San Lorenzo,2025-04-08,La Bombonera,gol legítimo,12',Yes,Amarilla
Vélez,Lanús,2023-06-14,Monumental,mano en el área tras un centro,28',No,Roja
San Lorenzo,Vélez,2023-07-21,Monumental,entrada fuerte desde atrás,24',Yes,Offside
Racing,Huracán,2025-04-06,Nuevo Gasómetro,contacto leve en el área,54',Yes,Gol válido
Independiente,Racing,2024-09-06,Nuevo Gasómetro,codazo en salto,29',Yes,Offside
San Lorenzo,Independiente,2024-11-03,Libertadores de América,contacto leve en el área,75',No,Gol válido
Boca,Independiente,2024-12-21,Cilindro,entrada fuerte desde atrás,31',Yes,Roja
Racing,Vélez,2024-12-03,Cilindro,mano en el área tras un centro,27',No,Penal
Huracán,Boca,2025-02-13,Monumental,codazo en salto,16',No,Gol anulado
San Lorenzo,Boca,2024-03-01,Cilindro,gol legítimo,36',No,Penal
River,Racing,2025-04-09,Cilindro,codazo en salto,63',No,Gol válido
Lanús,River,2023-09-10,Monumental,gol legítimo,22',Yes,Gol válido
Boca,Lanús,2023-11-11,Cilindro,mano en el área tras un centro,14',No,Amarilla
Lanús,Huracán,2024-07-31,Libertadores de América,simulación de falta,24',No,Roja
Independiente,San Lorenzo,2024-05-01,La Bombonera,empujón dentro del área,45',No,Gol válido
Vélez,Lanús,2023-09-22,Monumental,gol con la mano,49',Yes,Gol válido
Racing,San Lorenzo,2025-03-08,Cilindro,codazo en salto,6',No,Amarilla
Lanús,Huracán,2024-12-28,La Bombonera,remate desviado tras rebote,35',Yes,No penal
Independiente,Vélez,2023-08-19,La Bombonera,simulación de falta,83',Yes,Gol anulado
Racing,Huracán,2024-06-05,La Bombonera,mano en el área tras un centro,41',No,Penal
Racing,Huracán,2024-03-07,Libertadores de América,codazo en salto,79',No,Gol anulado
Huracán,Independiente,2024-03-10,La Bombonera,contacto leve en el área,11',No,Penal
Vélez,San Lorenzo,2024-11-11,La Bombonera,gol legítimo,66',Yes,Gol anulado
Huracán,San Lorenzo,2024-10-05,Cilindro,entrada fuerte desde atrás,10',Yes,Offside
Vélez,Huracán,2024-12-06,Nuevo Gasómetro,entrada fuerte desde atrás,1',No,No penal
River,Racing,2024-02-21,Libertadores de América,codazo en salto,73',Yes,Penal
Boca,San Lorenzo,2024-06-22,Monumental,gol legítimo,7',No,Amarilla
San Lorenzo,Huracán,2024-02-12,Libertadores de América,codazo en salto,40',No,Gol anulado
San Lorenzo,Racing,2023-07-19,La Bombonera,empujón dentro del área,21',Yes,Amarilla
Vélez,River,2024-07-30,La Bombonera,empujón dentro del área,45',Yes,Gol válido
Independiente,Vélez,2024-06-19,Libertadores de América,gol legítimo,40',No,Penal
Racing,Boca,2024-10-07,Monumental,posición adelantada en el gol,46',No,Amarilla
Independiente,Racing,2024-10-16,La Bombonera,codazo en salto,12',Yes,No penal
Vélez,Racing,2025-03-02,Cilindro,remate desviado tras rebote,11',No,Gol válido
Racing,Huracán,2025-01-16,Libertadores de América,codazo en salto,54',Yes,Offside
Vélez,Racing,2024-01-23,Nuevo Gasómetro,mano en el área tras un centro,49',Yes,Gol anulado
Racing,Lanús,2024-09-17,Monumental,remate desviado tras rebote,30',Yes,Roja
Vélez,River,2024-06-27,Monumental,gol con la mano,17',No,Roja
Boca,Independiente,2024-12-26,Monumental,contacto leve en el área,24',No,Amarilla
Huracán,Boca,2024-02-18,Cilindro,contacto leve en el área,56',Yes,Amarilla
Independiente,Racing,2023-09-23,Nuevo Gasómetro,gol legítimo,83',Yes,Penal
Huracán,San Lorenzo,2024-05-22,Monumental,contacto leve en el área,51',No,Roja
Racing,Lanús,2024-02-27,Monumental,gol con la mano,4',Yes,Offside
River,San Lorenzo,2024-09-24,Libertadores de América,gol con la mano,48',No,Roja
Lanús,San Lorenzo,2023-09-15,Cilindro,empujón dentro del área,47',No,Gol anulado
San Lorenzo,Huracán,2024-05-02,Libertadores de América,empujón dentro del área,75',No,Roja
Racing,Boca,2025-03-28,Cilindro,remate desviado tras rebote,3',No,Offside
San Lorenzo,Racing,2024-10-31,La Bombonera,gol con la mano,59',Yes,Penal
Vélez,Huracán,2025-05-07,Monumental,codazo en salto,57',Yes,Offside
Lanús,River,2024-12-29,Monumental,mano en el área tras un centro,69',Yes,Offside
Boca,Huracán,2024-10-28,Nuevo Gasómetro,contacto leve en el área,1',Yes,Gol válido
Huracán,Lanús,2024-01-15,La Bombonera,gol con la mano,80',No,Gol válido
Lanús,River,2025-01-05,Nuevo Gasómetro,gol con la mano,34',Yes,No penal
Racing,Huracán,2024-04-22,Libertadores de América,gol con la mano,55',No,Roja
Independiente,River,2024-04-30,La Bombonera,entrada fuerte desde atrás,13',No,Roja
Independiente,San Lorenzo,2024-05-05,La Bombonera,posición adelantada en el gol,20',No,Gol válido
Huracán,River,2024-11-19,Cilindro,codazo en salto,44',Yes,Gol válido
San Lorenzo,Vélez,2024-09-09,Monumental,remate desviado tras rebote,12',Yes,Roja
River,Independiente,2023-08-12,La Bombonera,gol con la mano,57',Yes,Amarilla
Huracán,Racing,2024-12-04,La Bombonera,mano en el área tras un centro,67',Yes,No penal
Independiente,Boca,2025-05-19,Monumental,gol legítimo,88',Yes,No penal
Independiente,Huracán,2025-03-06,Cilindro,gol con la mano,63',No,No penal
Racing,San Lorenzo,2024-05-28,Libertadores de América,empujón dentro del área,69',Yes,Penal
Independiente,Huracán,2023-10-18,Cilindro,gol con la mano,88',No,Roja
River,Vélez,2023-09-09,La Bombonera,gol con la mano,88',Yes,Gol válido
Vélez,Independiente,2024-03-19,Cilindro,codazo en salto,10',No,Offside
Independiente,Racing,2024-08-12,Cilindro,gol legítimo,71',No,Amarilla
Boca,River,2025-01-20,Monumental,simulación de falta,60',No,Offside
Vélez,Racing,2024-05-06,Nuevo Gasómetro,gol con la mano,70',Yes,Penal
River,Boca,2023-09-07,Monumental,gol con la mano,88',Yes,Amarilla
Boca,Independiente,2025-01-30,Libertadores de América,gol legítimo,33',Yes,Gol válido
River,Boca,2024-07-17,Nuevo Gasómetro,mano en el área tras un centro,32',No,Gol anulado
Huracán,San Lorenzo,2023-10-04,Monumental,remate desviado tras rebote,34',Yes,Roja
Lanús,River,2025-01-27,Libertadores de América,gol con la mano,3',No,Gol anulado
Boca,Independiente,2024-03-21,Cilindro,contacto leve en el área,70',No,No penal
San Lorenzo,Lanús,2023-07-17,La Bombonera,remate desviado tras rebote,65',Yes,Roja
Racing,Vélez,2024-07-07,Monumental,simulación de falta,19',Yes,No penal
Lanús,Boca,2025-01-07,Cilindro,contacto leve en el área,87',No,Penal
Huracán,Independiente,2024-05-20,Nuevo Gasómetro,gol con la mano,8',No,Offside
Boca,Huracán,2024-04-18,Cilindro,mano en el área tras un centro,49',Yes,Gol válido
Boca,Lanús,2023-06-25,Nuevo Gasómetro,entrada fuerte desde atrás,59',Yes,No penal
Boca,River,2024-07-25,Monumental,gol legítimo,27',Yes,Gol válido
River,San Lorenzo,2024-12-20,Nuevo Gasómetro,contacto leve en el área,87',Yes,No penal
River,Boca,2023-07-28,La Bombonera,empujón dentro del área,6',No,Roja
San Lorenzo,Lanús,2023-11-04,Nuevo Gasómetro,posición adelantada en el gol,85',Yes,Roja
Vélez,Boca,2024-09-17,La Bombonera,simulación de falta,7',No,Penal
River,Boca,2024-12-12,Nuevo Gasómetro,entrada fuerte desde atrás,3',No,Gol válido
Lanús,Independiente,2023-12-10,Libertadores de América,posición adelantada en el gol,38',No,Roja
Boca,Vélez,2024-01-28,La Bombonera,mano en el área tras un centro,61',Yes,Penal
Vélez,Independiente,2023-07-31,Nuevo Gasómetro,entrada fuerte desde atrás,20',Yes,Amarilla
Racing,Huracán,2023-06-14,Cilindro,simulación de falta,46',No,Amarilla
San Lorenzo,Huracán,2025-05-09,La Bombonera,contacto leve en el área,39',No,Amarilla
Huracán,Lanús,2024-09-25,Cilindro,posición adelantada en el gol,88',Yes,No penal
Lanús,Boca,2023-11-21,Libertadores de América,remate desviado tras rebote,28',No,Gol anulado
Lanús,Huracán,2024-08-08,Monumental,simulación de falta,30',Yes,Penal
Racing,San Lorenzo,2024-01-02,Cilindro,remate desviado tras rebote,45',No,Gol anulado
Racing,Vélez,2023-09-04,Nuevo Gasómetro,contacto leve en el área,53',No,Gol anulado
River,San Lorenzo,2024-07-22,Monumental,empujón dentro del área,41',No,Amarilla
Vélez,Huracán,2024-10-26,Nuevo Gasómetro,entrada fuerte desde atrás,21',Yes,Penal
San Lorenzo,River,2024-01-25,La Bombonera,codazo en salto,68',Yes,No penal
Huracán,Boca,2024-05-13,La Bombonera,codazo en salto,90',Yes,Amarilla
Independiente,Racing,2023-08-22,Nuevo Gasómetro,empujón dentro del área,48',No,Gol válido
Huracán,Vélez,2024-05-13,Nuevo Gasómetro,empujón dentro del área,78',No,Gol válido
Independiente,Huracán,2024-10-27,Cilindro,codazo en salto,65',Yes,No penal
River,Huracán,2024-09-27,La Bombonera,gol legítimo,10',Yes,Gol válido
Lanús,Independiente,2025-05-30,Nuevo Gasómetro,gol con la mano,34',Yes,Roja
Huracán,River,2023-12-30,Nuevo Gasómetro,codazo en salto,74',Yes,Gol anulado
Boca,Racing,2023-06-28,Monumental,gol con la mano,25',No,Amarilla
Huracán,San Lorenzo,2024-10-17,Libertadores de América,mano en el área tras un centro,43',Yes,Gol válido
Lanús,Huracán,2024-03-06,Cilindro,gol con la mano,81',Yes,Penal
San Lorenzo,River,2023-09-03,Nuevo Gasómetro,simulación de falta,73',Yes,Gol válido
River,Huracán,2023-07-28,Nuevo Gasómetro,gol con la mano,8',Yes,Penal
Lanús,San Lorenzo,2023-07-16,Libertadores de América,mano en el área tras un centro,39',No,Penal
Lanús,San Lorenzo,2023-08-02,Cilindro,simulación de falta,62',No,Penal
Independiente,San Lorenzo,2024-03-01,Libertadores de América,contacto leve en el área,21',Yes,No penal
San Lorenzo,Racing,2023-10-04,Cilindro,simulación de falta,5',Yes,Gol anulado
Independiente,River,2024-01-09,La Bombonera,gol legítimo,21',No,Roja
Racing,San Lorenzo,2024-06-12,Nuevo Gasómetro,entrada fuerte desde atrás,72',No,Roja
Independiente,San Lorenzo,2023-09-19,Libertadores de América,simulación de falta,65',Yes,Gol válido
Boca,Vélez,2024-08-21,Nuevo Gasómetro,empujón dentro del área,61',No,Roja
River,Lanús,2024-10-15,Nuevo Gasómetro,codazo en salto,90',No,Gol válido
San Lorenzo,Racing,2025-05-31,Cilindro,contacto leve en el área,82',Yes,Gol anulado
Huracán,River,2025-03-06,Monumental,codazo en salto,52',No,No penal
Huracán,Boca,2025-04-16,Monumental,remate desviado tras rebote,1',Yes,Roja
San Lorenzo,Lanús,2025-02-24,Cilindro,contacto leve en el área,34',No,Gol anulado
San Lorenzo,Racing,2024-06-07,Cilindro,entrada fuerte desde atrás,16',Yes,Roja
Lanús,Huracán,2025-06-04,Cilindro,simulación de falta,31',Yes,Penal
Vélez,Lanús,2024-04-05,La Bombonera,posición adelantada en el gol,16',No,Gol anulado
Vélez,San Lorenzo,2024-03-30,Nuevo Gasómetro,contacto leve en el área,39',No,Gol válido
Boca,Lanús,2025-05-14,Libertadores de América,empujón dentro del área,40',Yes,Roja
River,San Lorenzo,2024-01-22,Libertadores de América,simulación de falta,75',No,Gol anulado
Huracán,River,2024-02-22,Nuevo Gasómetro,contacto leve en el área,45',Yes,Amarilla
Huracán,Racing,2023-11-02,Cilindro,gol legítimo,56',Yes,No penal
Vélez,Huracán,2024-05-28,Cilindro,gol legítimo,3',No,Penal
Boca,Lanús,2024-01-31,La Bombonera,simulación de falta,54',Yes,Amarilla
Racing,San Lorenzo,2024-11-30,Nuevo Gasómetro,simulación de falta,46',Yes,Gol válido
Lanús,Vélez,2024-12-17,Monumental,entrada fuerte desde atrás,73',Yes,Gol anulado
Lanús,San Lorenzo,2025-04-03,Libertadores de América,mano en el área tras un centro,70',No,Amarilla
River,Independiente,2024-10-26,Nuevo Gasómetro,gol legítimo,72',No,Roja
Lanús,Vélez,2023-10-02,Cilindro,simulación de falta,60',No,Roja
Boca,Racing,2024-06-07,Monumental,gol con la mano,45',Yes,No penal
Racing,San Lorenzo,2025-05-21,Nuevo Gasómetro,empujón dentro del área,9',No,Gol válido
Huracán,San Lorenzo,2024-07-07,Monumental,entrada fuerte desde atrás,36',No,Roja
Vélez,River,2023-07-17,Cilindro,codazo en salto,50',Yes,No penal
Independiente,San Lorenzo,2025-03-05,Libertadores de América,gol con la mano,43',No,Penal
River,Racing,2024-06-27,Libertadores de América,gol con la mano,33',No,Gol válido
Boca,Racing,2024-12-20,Nuevo Gasómetro,gol legítimo,85',No,Offside
San Lorenzo,River,2024-05-04,Cilindro,empujón dentro del área,56',Yes,Offside
Lanús,Racing,2025-06-02,La Bombonera,entrada fuerte desde atrás,35',No,Roja
Racing,Lanús,2025-04-27,Libertadores de América,entrada fuerte desde atrás,25',Yes,Offside
San Lorenzo,Vélez,2023-11-05,Nuevo Gasómetro,mano en el área tras un centro,78',No,Amarilla
Vélez,Huracán,2024-01-04,Nuevo Gasómetro,mano en el área tras un centro,29',Yes,Amarilla
Racing,Lanús,2024-12-09,Cilindro,contacto leve en el área,3',No,Penal
San Lorenzo,Boca,2024-08-22,La Bombonera,entrada fuerte desde atrás,66',No,Gol válido
Lanús,Vélez,2023-12-21,Libertadores de América,gol legítimo,43',Yes,Amarilla
Vélez,Lanús,2024-07-16,Cilindro,mano en el área tras un centro,1',No,Roja
Boca,Lanús,2024-01-04,Cilindro,simulación de falta,59',Yes,Penal
Vélez,Independiente,2023-11-17,Monumental,contacto leve en el área,20',No,Penal
Racing,Boca,2024-12-09,Cilindro,gol con la mano,69',Yes,Roja
Independiente,Lanús,2023-07-25,Cilindro,simulación de falta,51',Yes,Roja
Lanús,San Lorenzo,2025-03-26,Nuevo Gasómetro,remate desviado tras rebote,5',Yes,No penal
Vélez,Boca,2024-09-29,La Bombonera,mano en el área tras un centro,56',No,Offside
Lanús,Racing,2024-12-22,La Bombonera,empujón dentro del área,19',No,No penal
Independiente,River,2024-01-25,Monumental,mano en el área tras un centro,45',Yes,Offside
Boca,San Lorenzo,2024-07-28,Libertadores de América,gol legítimo,47',No,Roja
Racing,Independiente,2024-01-08,La Bombonera,entrada fuerte desde atrás,30',Yes,No penal
Lanús,Huracán,2023-06-16,Nuevo Gasómetro,gol con la mano,15',Yes,Penal
Huracán,Boca,2024-12-31,La Bombonera,posición adelantada en el gol,10',Yes,Gol anulado
Lanús,Independiente,2023-09-14,Libertadores de América,codazo en salto,85',No,Gol válido
Racing,San Lorenzo,2023-11-25,Monumental,codazo en salto,44',Yes,Roja
Independiente,Boca,2024-06-10,Nuevo Gasómetro,empujón dentro del área,33',No,No penal
Independiente,San Lorenzo,2025-02-09,Libertadores de América,codazo en salto,56',No,Gol válido
Racing,Lanús,2024-02-03,Libertadores de América,contacto leve en el área,69',No,Amarilla
San Lorenzo,Lanús,2024-08-10,Cilindro,contacto leve en el área,72',No,Gol anulado
Boca,Huracán,2024-03-18,Nuevo Gasómetro,gol con la mano,51',No,Roja
River,San Lorenzo,2023-07-16,La Bombonera,gol legítimo,25',Yes,Gol válido
Independiente,San Lorenzo,2023-07-26,Monumental,simulación de falta,75',Yes,Offside
Vélez,Racing,2024-12-04,La Bombonera,simulación de falta,88',No,Gol anulado
Boca,Vélez,2023-06-22,La Bombonera,empujón dentro del área,45',No,No penal
Boca,Huracán,2025-02-21,Nuevo Gasómetro,gol con la mano,65',Yes,Amarilla
Boca,Huracán,2023-09-06,Nuevo Gasómetro,gol legítimo,35',Yes,Gol válido
Lanús,Racing,2025-05-30,Monumental,remate desviado tras rebote,50',No,Penal
Lanús,Racing,2023-06-26,Cilindro,entrada fuerte desde atrás,88',No,No penal
Racing,Independiente,2024-08-25,Libertadores de América,entrada fuerte desde atrás,37',No,Gol anulado
Vélez,Lanús,2024-06-06,La Bombonera,codazo en salto,72',No,Roja
Huracán,Independiente,2025-02-15,Cilindro,simulación de falta,11',Yes,Gol anulado
Lanús,Boca,2024-01-21,Libertadores de América,posición adelantada en el gol,86',Yes,Penal
Racing,Lanús,2024-06-09,Nuevo Gasómetro,posición adelantada en el gol,16',No,Roja
River,Boca,2023-11-11,La Bombonera,codazo en salto,57',Yes,Penal
River,Vélez,2023-10-24,Nuevo Gasómetro,gol con la mano,12',Yes,Gol anulado
River,Independiente,2024-06-21,Libertadores de América,posición adelantada en el gol,82',Yes,No penal
Lanús,Independiente,2024-10-17,Monumental,gol legítimo,15',Yes,Roja
Racing,Independiente,2024-01-07,Monumental,gol legítimo,20',No,No penal
Boca,Racing,2023-08-24,Cilindro,entrada fuerte desde atrás,4',Yes,Offside
Vélez,River,2024-09-07,Nuevo Gasómetro,codazo en salto,83',Yes,Penal
Lanús,San Lorenzo,2025-01-28,Nuevo Gasómetro,contacto leve en el área,43',Yes,Penal
Lanús,Independiente,2025-04-02,La Bombonera,posición adelantada en el gol,83',No,Gol anulado
Huracán,Racing,2024-10-22,Monumental,entrada fuerte desde atrás,55',Yes,Gol válido
Vélez,Huracán,2025-01-16,Nuevo Gasómetro,gol con la mano,18',Yes,Gol anulado
Vélez,Independiente,2023-12-26,Cilindro,mano en el área tras un centro,30',Yes,Gol válido
River,Racing,2024-02-17,Monumental,empujón dentro del área,42',Yes,Gol anulado
Independiente,Racing,2023-09-01,Libertadores de América,entrada fuerte desde atrás,31',Yes,Penal
San Lorenzo,Huracán,2025-04-07,Cilindro,simulación de falta,44',No,No penal
Huracán,Racing,2024-08-02,Nuevo Gasómetro,contacto leve en el área,23',No,Roja
Huracán,Vélez,2024-01-11,Nuevo Gasómetro,posición adelantada en el gol,1',Yes,Offside
Huracán,River,2023-07-17,Nuevo Gasómetro,simulación de falta,11',Yes,Amarilla
River,Independiente,2023-09-05,Monumental,contacto leve en el área,5',No,No penal
San Lorenzo,Racing,2025-04-03,Libertadores de América,contacto leve en el área,21',No,Penal
Huracán,Lanús,2025-02-22,Nuevo Gasómetro,mano en el área tras un centro,56',Yes,Gol válido
Lanús,River,2023-12-28,La Bombonera,entrada fuerte desde atrás,27',No,Amarilla
Vélez,Racing,2024-09-19,Nuevo Gasómetro,gol legítimo,51',No,No penal
Huracán,Independiente,2023-12-04,Cilindro,contacto leve en el área,88',No,Gol anulado
River,Independiente,2023-11-19,Monumental,gol legítimo,46',Yes,Roja
Racing,Boca,2025-03-08,Monumental,codazo en salto,77',Yes,Gol válido
Independiente,Boca,2024-06-24,La Bombonera,simulación de falta,63',No,Penal
Huracán,Vélez,2024-03-15,La Bombonera,remate desviado tras rebote,1',Yes,Amarilla
Lanús,Vélez,2024-11-19,Cilindro,contacto leve en el área,39',Yes,Penal
Lanús,Huracán,2023-11-30,Cilindro,remate desviado tras rebote,27',Yes,Gol anulado
Boca,Huracán,2024-05-18,Cilindro,mano en el área tras un centro,73',Yes,Roja
San Lorenzo,River,2025-06-02,Nuevo Gasómetro,gol legítimo,71',No,Gol anulado
Huracán,Independiente,2024-04-21,Monumental,simulación de falta,1',Yes,Offside
River,Vélez,2023-11-18,Libertadores de América,simulación de falta,43',Yes,Offside
Huracán,River,2024-08-09,Monumental,mano en el área tras un centro,32',Yes,Gol anulado
Vélez,San Lorenzo,2024-08-31,Nuevo Gasómetro,gol con la mano,75',Yes,Roja
Independiente,San Lorenzo,2023-07-03,Monumental,mano en el área tras un centro,27',No,Gol válido
Lanús,San Lorenzo,2025-04-21,Cilindro,entrada fuerte desde atrás,70',No,Gol válido
Boca,Huracán,2023-09-02,La Bombonera,posición adelantada en el gol,34',Yes,Offside
Racing,Huracán,2024-10-25,La Bombonera,entrada fuerte desde atrás,83',No,Penal
Racing,San Lorenzo,2025-01-17,Libertadores de América,simulación de falta,23',Yes,Amarilla
River,Independiente,2024-12-05,Libertadores de América,posición adelantada en el gol,62',No,Amarilla
Racing,River,2024-05-12,La Bombonera,codazo en salto,30',No,Gol anulado
San Lorenzo,Vélez,2023-09-08,Cilindro,entrada fuerte desde atrás,69',Yes,Roja
San Lorenzo,Independiente,2025-05-03,Cilindro,gol legítimo,33',Yes,Offside
Racing,River,2025-03-03,Nuevo Gasómetro,remate desviado tras rebote,39',No,Gol válido
Huracán,Vélez,2025-01-01,Monumental,gol legítimo,11',Yes,No penal
Racing,Vélez,2023-12-30,Libertadores de América,gol con la mano,29',Yes,Gol anulado
Huracán,Independiente,2024-08-31,Cilindro,codazo en salto,44',No,Gol anulado
Racing,Boca,2024-06-20,Monumental,simulación de falta,11',Yes,Roja
Lanús,Boca,2025-05-30,Libertadores de América,empujón dentro del área,41',Yes,Gol válido
Huracán,Independiente,2025-01-15,Libertadores de América,contacto leve en el área,15',Yes,Roja
Lanús,San Lorenzo,2024-03-18,Cilindro,entrada fuerte desde atrás,86',No,No penal
Huracán,Racing,2025-05-25,Cilindro,remate desviado tras rebote,25',No,Amarilla
Boca,Racing,2023-08-04,La Bombonera,simulación de falta,38',Yes,Gol anulado
San Lorenzo,Lanús,2025-02-12,Libertadores de América,simulación de falta,50',Yes,Gol válido
Boca,Huracán,2023-07-27,Cilindro,gol legítimo,72',No,Gol anulado
Boca,Lanús,2023-09-05,Cilindro,gol con la mano,79',Yes,Roja
Vélez,Huracán,2023-08-06,La Bombonera,entrada fuerte desde atrás,38',No,Amarilla
River,Lanús,2023-06-21,Monumental,codazo en salto,48',No,No penal
Vélez,Huracán,2023-11-04,La Bombonera,codazo en salto,75',No,Offside
River,San Lorenzo,2024-11-19,Cilindro,codazo en salto,2',No,Penal
River,Independiente,2025-02-21,Nuevo Gasómetro,gol legítimo,39',No,Gol anulado
Independiente,Huracán,2024-09-26,Monumental,empujón dentro del área,11',Yes,Amarilla
Huracán,Boca,2023-06-16,Nuevo Gasómetro,codazo en salto,70',No,Penal
Vélez,Lanús,2024-09-14,Libertadores de América,simulación de falta,66',No,Roja
River,Vélez,2025-02-03,Nuevo Gasómetro,gol legítimo,28',No,Penal
San Lorenzo,Huracán,2025-02-12,Libertadores de América,simulación de falta,9',No,No penal
Racing,Vélez,2024-07-30,La Bombonera,posición adelantada en el gol,61',No,Penal
San Lorenzo,Independiente,2025-03-25,La Bombonera,entrada fuerte desde atrás,8',Yes,Amarilla
Vélez,Huracán,2023-10-25,Monumental,entrada fuerte desde atrás,34',Yes,Gol válido
San Lorenzo,Racing,2023-08-16,Monumental,mano en el área tras un centro,15',No,Offside
Boca,Racing,2024-04-09,Libertadores de América,mano en el área tras un centro,69',Yes,Gol anulado
Vélez,Huracán,2025-02-25,Monumental,posición adelantada en el gol,70',No,No penal
San Lorenzo,River,2024-04-01,La Bombonera,mano en el área tras un centro,16',No,Offside
Independiente,Lanús,2024-08-21,La Bombonera,gol legítimo,60',No,Gol válido
Lanús,San Lorenzo,2024-11-23,Libertadores de América,remate desviado tras rebote,87',Yes,Offside
Lanús,River,2025-05-25,Nuevo Gasómetro,gol con la mano,11',Yes,Gol válido
Independiente,San Lorenzo,2023-06-23,Nuevo Gasómetro,gol legítimo,25',Yes,Penal
River,Lanús,2023-10-12,Monumental,simulación de falta,23',No,No penal
Lanús,San Lorenzo,2024-08-11,Monumental,mano en el área tras un centro,23',Yes,Roja
Vélez,Boca,2025-04-29,Nuevo Gasómetro,gol con la mano,80',Yes,No penal
Lanús,Vélez,2024-03-21,Nuevo Gasómetro,entrada fuerte desde atrás,40',Yes,Offside
Lanús,Independiente,2024-08-23,Nuevo Gasómetro,codazo en salto,66',No,Gol anulado
San Lorenzo,Huracán,2024-12-29,Monumental,empujón dentro del área,54',No,Gol anulado
